0		read	0	8	16	8	
151954776		read	0	54	9	8192	4,580,50538565,-;------------[ cut here ]------------\n
152005162		read	0	86	9	8192	4,581,50538568,-;WARNING: CPU: 11 PID: 1 at lib/vsprintf.c:2738 vsnprintf+0x4ad/0x550\n
152028761		read	0	829	9	8192	4,582,50538573,-;Modules linked in: rfkill intel_rapl_msr intel_rapl_common intel_pmc_core crc32_pclmul ghash_clmulni_intel sha512_ssse3 qrtr sha512_generic snd_intel8x0 sha256_ssse3 sha1_ssse3 snd_ac97_codec ac97_bus snd_pcm snd_timer video aesni_intel snd crypto_simd cryptd evdev pcspkr vboxguest soundcore button rapl wmi ac joydev serio_raw sg msr parport_pc ppdev lp binfmt_misc parport dm_mod configfs loop fuse efi_pstore ip_tables x_tables autofs4 ext4 crc16 mbcache jbd2 crc32c_generic sd_mod t10_pi crc64_rocksoft hid_generic crc64 crc_t10dif usbhid sr_mod crct10dif_generic hid cdrom vmwgfx drm_ttm_helper ahci ata_generic ohci_pci ttm ata_piix libahci drm_kms_helper ohci_hcd ehci_pci crct10dif_pclmul libata crct10dif_common ehci_hcd usbcore psmouse crc32c_intel drm scsi_mod e1000 usb_common i2c_piix4 scsi_common\n
168809727		read	0	74	9	8192	4,583,50538610,-;CPU: 11 PID: 1 Comm: systemd Not tainted 6.2.0-sclda #1 \n
168844567		read	0	95	9	8192	4,584,50538611,-;Hardware name: innotek GmbH VirtualBox/VirtualBox, BIOS VirtualBox 12/01/2006\n
168851647		read	0	49	9	8192	4,585,50538612,-;RIP: 0010:vsnprintf+0x4ad/0x550\n
168857837		read	0	217	9	8192	4,586,50538614,-;Code: ff 48 8b 45 08 48 8d 50 08 48 89 55 08 e9 1c fe ff ff 83 fa 2f 76 62 48 8b 45 08 48 8d 50 08 48 89 55 08 8b 10 e9 07 fe ff ff <0f> 0b e9 94 fc ff ff 41 0f b6 55 00 49 89 c7 4c 89 eb e9 59 fd ff\n
168865518		read	0	61	9	8192	4,587,50538615,-;RSP: 0018:ffffa800c0013ca8 EFLAGS: 00010296\n
168873031		read	0	83	9	8192	4,588,50538616,-;RAX: 0000000000000000 RBX: ffffa800c0013db8 RCX: ffffa800c0013d00\n
168880150		read	0	83	9	8192	4,589,50538616,-;RDX: ffffffff90939cd3 RSI: fffffffffffffffb RDI: ffff93bb8d494a02\n
168888098		read	0	83	9	8192	4,590,50538617,-;RBP: ffffa800c0013d50 R08: 0000000000000005 R09: ffff93bb8d494a0b\n
168898466		read	0	83	9	8192	4,591,50538617,-;R10: ffffffffffffffff R11: ffff93bb8366e301 R12: ffff93bb8d4945c0\n
168904570		read	0	83	9	8192	4,592,50538618,-;R13: 0000000000000003 R14: 0000000000000042 R15: 0000000000000003\n
168910439		read	0	94	9	8192	4,593,50538619,-;FS:  00007f1cf24ab940(0000) GS:ffff93c27fac0000(0000) knlGS:0000000000000000\n
168917195		read	0	67	9	8192	4,594,50538619,-;CS:  0010 DS: 0000 ES: 0000 CR0: 0000000080050033\n
168924510		read	0	83	9	8192	4,595,50538620,-;CR2: 000055abf833e098 CR3: 0000000102eb6000 CR4: 00000000000106e0\n
168931370		read	0	29	9	8192	4,596,50538622,-;Call Trace:\n
168938382		read	0	25	9	8192	4,597,50538623,-; <TASK>\n
168944280		read	0	37	9	8192	4,598,50538625,-; ? __warn+0x7d/0xc0\n
168951093		read	0	42	9	8192	4,599,50538627,-; ? vsnprintf+0x4ad/0x550\n
168957081		read	0	42	9	8192	4,600,50538629,-; ? report_bug+0xe2/0x150\n
168962945		read	0	41	9	8192	4,601,50538630,-; ? handle_bug+0x41/0x70\n
168968922		read	0	45	9	8192	4,602,50538632,-; ? exc_invalid_op+0x13/0x60\n
168975129		read	0	49	9	8192	4,603,50538632,-; ? asm_exc_invalid_op+0x16/0x20\n
168981632		read	0	42	9	8192	4,604,50538635,-; ? vsnprintf+0x4ad/0x550\n
168990849		read	0	41	9	8192	4,605,50538637,-; ? vsnprintf+0x6d/0x550\n
168996738		read	0	37	9	8192	4,606,50538638,-; snprintf+0x51/0x70\n
169003503		read	0	41	9	8192	4,607,50538639,-; ? __kmalloc+0x49/0x150\n
169010562		read	0	44	9	8192	4,608,50538641,-; _iovec_to_str+0x111/0x150\n
169016502		read	0	48	9	8192	4,609,50538644,-; user_msghdr_to_str+0xab/0x1b0\n
169021946		read	0	47	9	8192	4,610,50538645,-; __x64_sys_sendmsg+0x8b/0x100\n
169028493		read	0	42	9	8192	4,611,50538647,-; do_syscall_64+0x58/0xc0\n
169035316		read	0	57	9	8192	4,612,50538648,-; ? exit_to_user_mode_prepare+0x37/0x1b0\n
169041321		read	0	56	9	8192	4,613,50538651,-; ? syscall_exit_to_user_mode+0x27/0x40\n
169048043		read	0	44	9	8192	4,614,50538652,-; ? do_syscall_64+0x67/0xc0\n
169054074		read	0	51	9	8192	4,615,50538653,-; ? do_user_addr_fault+0x1b0/0x580\n
169060908		read	0	57	9	8192	4,616,50538655,-; ? exit_to_user_mode_prepare+0x37/0x1b0\n
169067272		read	0	59	9	8192	4,617,50538656,-; entry_SYSCALL_64_after_hwframe+0x64/0xce\n
169072915		read	0	42	9	8192	4,618,50538658,-;RIP: 0033:0x7f1cf2929b2d\n
169079245		read	0	217	9	8192	4,619,50538659,-;Code: 28 89 54 24 1c 48 89 74 24 10 89 7c 24 08 e8 8a ac f7 ff 8b 54 24 1c 48 8b 74 24 10 41 89 c0 8b 7c 24 08 b8 2e 00 00 00 0f 05 <48> 3d 00 f0 ff ff 77 33 44 89 c7 48 89 44 24 08 e8 de ac f7 ff 48\n
169087770		read	0	88	9	8192	4,620,50538660,-;RSP: 002b:00007fffd8e31760 EFLAGS: 00000293 ORIG_RAX: 000000000000002e\n
169094836		read	0	83	9	8192	4,621,50538661,-;RAX: ffffffffffffffda RBX: 000055abf83dc500 RCX: 00007f1cf2929b2d\n
169101235		read	0	83	9	8192	4,622,50538662,-;RDX: 0000000000004040 RSI: 00007fffd8e31790 RDI: 000000000000004f\n
169107836		read	0	83	9	8192	4,623,50538662,-;RBP: 000055abf83dc698 R08: 0000000000000000 R09: 0000000000000001\n
169113678		read	0	83	9	8192	4,624,50538663,-;R10: 00007fffd8ef1080 R11: 0000000000000293 R12: 00007f1cf2ca4a30\n
169119459		read	0	83	9	8192	4,625,50538663,-;R13: 00007fffd8e31958 R14: 000055abf8243c10 R15: 000055abf83dc500\n
169125238		read	0	26	9	8192	4,626,50538664,-; </TASK>\n
169131934		read	0	54	9	8192	4,627,50538665,-;---[ end trace 0000000000000000 ]---\n
499895808		read	0	8	16	8	
6103780752		read	0	16	32	1024	systemd-timesyn\n/avahi-daemon.service\ne\ndev\ne\n
6103783596		read	0	0	32	1024	
6103810448		read	0	31	32	4104	/lib/systemd/systemd-timesyncd
6103830009		read	0	1392	32	4104	Name:	systemd-timesyn\nUmask:	0022\nState:	S (sleeping)\nTgid:	526\nNgid:	0\nPid:	526\nPPid:	1\nTracerPid:	0\nUid:	997	997	997	997\nGid:	997	997	997	997\nFDSize:	64\nGroups:	997 \nNStgid:	526\nNSpid:	526\nNSpgid:	526\nNSsid:	526\nVmPeak:	  155604 kB\nVmSize:	   90236 kB\nVmLck:	       0 kB\nVmPin:	       0 kB\nVmHWM:	    6792 kB\nVmRSS:	    6792 kB\nRssAnon:	     952 kB\nRssFile:	    5840 kB\nRssShmem:	       0 kB\nVmData:	    8820 kB\nVmStk:	     132 kB\nVmExe:	      24 kB\nVmLib:	    9788 kB\nVmPTE:	      80 kB\nVmSwap:	       0 kB\nHugetlbPages:	       0 kB\nCoreDumping:	0\nTHP_enabled:	1\nThreads:	2\nSigQ:	0/128166\nSigPnd:	0000000000000000\nShdPnd:	0000000000000000\nSigBlk:	0000000000004002\nSigIgn:	0000000000001000\nSigCgt:	0000000100000000\nCapInh:	0000000002000000\nCapPrm:	0000000002000000\nCapEff:	0000000002000000\nCapBnd:	0000000002000000\nCapAmb:	0000000002000000\nNoNewPrivs:	1\nSeccomp:	2\nSeccomp_filters:	31\nSpeculation_Store_Bypass:	vulnerable\nSpeculationIndirectBranch:	always enabled\nCpus_allowed:	fffff
6103840143		read	0	11	32	4095	unconfined\n
6103847035		read	0	10	32	1024	4294967295
6103847637		read	0	0	32	1024	
6103853833		read	0	10	32	1024	4294967295
6103854611		read	0	0	32	1024	
6103861683		read	0	43	32	1024	0::/system.slice/systemd-timesyncd.service\n\ne\n
6103863570		read	0	0	32	1024	
6828465107		read	0	8	16	8	
12096197193		read	0	8	29	1024	systemd\n
12096198748		read	0	0	29	1024	
12096218745		read	0	11	29	4104	/sbin/init
12096234395		read	0	1356	29	4104	Name:	systemd\nUmask:	0000\nState:	R (running)\nTgid:	1\nNgid:	0\nPid:	1\nPPid:	0\nTracerPid:	0\nUid:	0	0	0	0\nGid:	0	0	0	0\nFDSize:	128\nGroups:	 \nNStgid:	1\nNSpid:	1\nNSpgid:	1\nNSsid:	1\nVmPeak:	  167476 kB\nVmSize:	  102276 kB\nVmLck:	       0 kB\nVmPin:	       0 kB\nVmHWM:	   12368 kB\nVmRSS:	   12368 kB\nRssAnon:	    3120 kB\nRssFile:	    9248 kB\nRssShmem:	       0 kB\nVmData:	   18880 kB\nVmStk:	     132 kB\nVmExe:	      40 kB\nVmLib:	   10668 kB\nVmPTE:	      88 kB\nVmSwap:	       0 kB\nHugetlbPages:	       0 kB\nCoreDumping:	0\nTHP_enabled:	1\nThreads:	1\nSigQ:	1/128166\nSigPnd:	0000000000000000\nShdPnd:	0000000000000000\nSigBlk:	7fe3c0fe28014a03\nSigIgn:	0000000000001000\nSigCgt:	00000001000004ec\nCapInh:	0000000000000000\nCapPrm:	000001ffffffffff\nCapEff:	000001ffffffffff\nCapBnd:	000001ffffffffff\nCapAmb:	0000000000000000\nNoNewPrivs:	0\nSeccomp:	0\nSeccomp_filters:	0\nSpeculation_Store_Bypass:	vulnerable\nSpeculationIndirectBranch:	always enabled\nCpus_allowed:	ffffff\nCpus_allowed_list:	0-23\nMems_allowed:	
12096242775		read	0	11	29	4095	unconfined\n
12096248114		read	0	10	29	1024	4294967295
12096248650		read	0	0	29	1024	
12096254264		read	0	10	29	1024	4294967295
12096254889		read	0	0	29	1024	
12096261029		read	0	15	29	1024	0::/init.scope\n
12096262356		read	0	0	29	1024	
12656457400		read	0	8	16	8	
29891056195		read	0	8	32	1024	systemd\n
29891057864		read	0	0	32	1024	
29891073608		read	0	11	32	4104	/sbin/init
29891087637		read	0	1356	32	4104	Name:	systemd\nUmask:	0000\nState:	R (running)\nTgid:	1\nNgid:	0\nPid:	1\nPPid:	0\nTracerPid:	0\nUid:	0	0	0	0\nGid:	0	0	0	0\nFDSize:	128\nGroups:	 \nNStgid:	1\nNSpid:	1\nNSpgid:	1\nNSsid:	1\nVmPeak:	  167476 kB\nVmSize:	  102276 kB\nVmLck:	       0 kB\nVmPin:	       0 kB\nVmHWM:	   12368 kB\nVmRSS:	   12368 kB\nRssAnon:	    3120 kB\nRssFile:	    9248 kB\nRssShmem:	       0 kB\nVmData:	   18880 kB\nVmStk:	     132 kB\nVmExe:	      40 kB\nVmLib:	   10668 kB\nVmPTE:	      88 kB\nVmSwap:	       0 kB\nHugetlbPages:	       0 kB\nCoreDumping:	0\nTHP_enabled:	1\nThreads:	1\nSigQ:	2/128166\nSigPnd:	0000000000000000\nShdPnd:	0000000000010000\nSigBlk:	7fe3c0fe28014a03\nSigIgn:	0000000000001000\nSigCgt:	00000001000004ec\nCapInh:	0000000000000000\nCapPrm:	000001ffffffffff\nCapEff:	000001ffffffffff\nCapBnd:	000001ffffffffff\nCapAmb:	0000000000000000\nNoNewPrivs:	0\nSeccomp:	0\nSeccomp_filters:	0\nSpeculation_Store_Bypass:	vulnerable\nSpeculationIndirectBranch:	always enabled\nCpus_allowed:	ffffff\nCpus_allowed_list:	0-23\nMems_allowed:	
29891095801		read	0	11	32	4095	unconfined\n
29891101255		read	0	10	32	1024	4294967295
29891102532		read	0	0	32	1024	
29891107599		read	0	10	32	1024	4294967295
29891108174		read	0	0	32	1024	
29891114230		read	0	15	32	1024	0::/init.scope\n
29891115589		read	0	0	32	1024	
31006624327		read	0	8	16	8	
33559235404		read	0	6	29	1024	login\n
33559237325		read	0	0	29	1024	
33559258529		read	0	23	29	4104	/bin/login
33559276468		read	0	1363	29	4104	Name:	login\nUmask:	0022\nState:	R (running)\nTgid:	843\nNgid:	0\nPid:	843\nPPid:	1\nTracerPid:	0\nUid:	0	0	0	0\nGid:	0	0	0	0\nFDSize:	128\nGroups:	 \nNStgid:	843\nNSpid:	843\nNSpgid:	843\nNSsid:	843\nVmPeak:	   22452 kB\nVmSize:	    6168 kB\nVmLck:	       0 kB\nVmPin:	       0 kB\nVmHWM:	   19852 kB\nVmRSS:	    3664 kB\nRssAnon:	     524 kB\nRssFile:	    3140 kB\nRssShmem:	       0 kB\nVmData:	     616 kB\nVmStk:	     132 kB\nVmExe:	      24 kB\nVmLib:	    3348 kB\nVmPTE:	      52 kB\nVmSwap:	       0 kB\nHugetlbPages:	       0 kB\nCoreDumping:	0\nTHP_enabled:	1\nThreads:	1\nSigQ:	1/128166\nSigPnd:	0000000000000000\nShdPnd:	0000000000000000\nSigBlk:	0000000000000000\nSigIgn:	0000000000000000\nSigCgt:	0000000000002000\nCapInh:	0000000000000000\nCapPrm:	000001ffffffffff\nCapEff:	000001ffffffffff\nCapBnd:	000001ffffffffff\nCapAmb:	0000000000000000\nNoNewPrivs:	0\nSeccomp:	0\nSeccomp_filters:	0\nSpeculation_Store_Bypass:	vulnerable\nSpeculationIndirectBranch:	always enabled\nCpus_allowed:	ffffff\nCpus_allowed_list:	0-23\nMems
33559287917		read	0	11	29	4095	unconfined\n
33559294640		read	0	1	29	1024	1{z -V
33559295240		read	0	0	29	1024	
33559300827		read	0	4	29	1024	1000-V
33559301458		read	0	0	29	1024	
33559310039		read	0	55	29	1024	0::/system.slice/system-getty.slice/getty@tty1.service\n
33559311273		read	0	0	29	1024	
33640187817		read	0	8	29	1024	systemd\n
33640189433		read	0	0	29	1024	
33640214020		read	0	11	29	4104	/sbin/init
33640231116		read	0	1356	29	4104	Name:	systemd\nUmask:	0000\nState:	R (running)\nTgid:	1\nNgid:	0\nPid:	1\nPPid:	0\nTracerPid:	0\nUid:	0	0	0	0\nGid:	0	0	0	0\nFDSize:	128\nGroups:	 \nNStgid:	1\nNSpid:	1\nNSpgid:	1\nNSsid:	1\nVmPeak:	  233348 kB\nVmSize:	  167812 kB\nVmLck:	       0 kB\nVmPin:	       0 kB\nVmHWM:	   12384 kB\nVmRSS:	   12384 kB\nRssAnon:	    3136 kB\nRssFile:	    9248 kB\nRssShmem:	       0 kB\nVmData:	   19012 kB\nVmStk:	     132 kB\nVmExe:	      40 kB\nVmLib:	   10668 kB\nVmPTE:	      92 kB\nVmSwap:	       0 kB\nHugetlbPages:	       0 kB\nCoreDumping:	0\nTHP_enabled:	1\nThreads:	1\nSigQ:	1/128166\nSigPnd:	0000000000000000\nShdPnd:	0000000000000000\nSigBlk:	7fe3c0fe28014a03\nSigIgn:	0000000000001000\nSigCgt:	00000001000004ec\nCapInh:	0000000000000000\nCapPrm:	000001ffffffffff\nCapEff:	000001ffffffffff\nCapBnd:	000001ffffffffff\nCapAmb:	0000000000000000\nNoNewPrivs:	0\nSeccomp:	0\nSeccomp_filters:	0\nSpeculation_Store_Bypass:	vulnerable\nSpeculationIndirectBranch:	always enabled\nCpus_allowed:	ffffff\nCpus_allowed_list:	0-23\nMems_allowed:	
33640240895		read	0	11	29	4095	unconfined\n
33640247368		read	0	10	29	1024	4294967295
33640248310		read	0	0	29	1024	
33640253829		read	0	10	29	1024	4294967295
33640254581		read	0	0	29	1024	
33640261788		read	0	15	29	1024	0::/init.scope\n
33640263391		read	0	0	29	1024	
33685619233		read	0	15	32	1024	systemd-logind\n
33685621019		read	0	0	32	1024	
33685639044		read	0	28	32	4104	/lib/systemd/systemd-logind
33685653372		read	0	1371	32	4120	Name:	systemd-logind\nUmask:	0022\nState:	R (running)\nTgid:	718\nNgid:	0\nPid:	718\nPPid:	1\nTracerPid:	0\nUid:	0	0	0	0\nGid:	0	0	0	0\nFDSize:	64\nGroups:	 \nNStgid:	718\nNSpid:	718\nNSpgid:	718\nNSsid:	718\nVmPeak:	   25188 kB\nVmSize:	   25188 kB\nVmLck:	       0 kB\nVmPin:	       0 kB\nVmHWM:	    7920 kB\nVmRSS:	    7920 kB\nRssAnon:	    1040 kB\nRssFile:	    6880 kB\nRssShmem:	       0 kB\nVmData:	    8796 kB\nVmStk:	     132 kB\nVmExe:	     140 kB\nVmLib:	    9924 kB\nVmPTE:	      76 kB\nVmSwap:	       0 kB\nHugetlbPages:	       0 kB\nCoreDumping:	0\nTHP_enabled:	1\nThreads:	1\nSigQ:	1/128166\nSigPnd:	0000000000000000\nShdPnd:	0000000000000000\nSigBlk:	0000000200014003\nSigIgn:	0000000400001000\nSigCgt:	0000000100000000\nCapInh:	0000000000000000\nCapPrm:	000000024420020f\nCapEff:	000000024420020f\nCapBnd:	000000024420020f\nCapAmb:	0000000000000000\nNoNewPrivs:	1\nSeccomp:	2\nSeccomp_filters:	29\nSpeculation_Store_Bypass:	vulnerable\nSpeculationIndirectBranch:	always enabled\nCpus_allowed:	ffffff\nCpus_allowed_list:	
33685661969		read	0	11	32	4095	unconfined\n
33685667107		read	0	10	32	1024	4294967295
33685667802		read	0	0	32	1024	
33685672763		read	0	10	32	1024	4294967295
33685673302		read	0	0	32	1024	
33685679637		read	0	40	32	1024	0::/system.slice/systemd-logind.service\ny@tty1.service\n
33685681126		read	0	0	32	1024	
33844760360		read	0	10	32	1024	(systemd)\n
33844761848		read	0	0	32	1024	
33844780202		read	0	10	32	4104	(systemd)
33844796974		read	0	1410	32	4104	Name:	(systemd)\nUmask:	0022\nState:	R (running)\nTgid:	909\nNgid:	0\nPid:	909\nPPid:	1\nTracerPid:	0\nUid:	0	0	0	0\nGid:	0	0	0	0\nFDSize:	128\nGroups:	24 25 27 29 30 44 46 100 106 111 113 116 1000 \nNStgid:	909\nNSpid:	909\nNSpgid:	909\nNSsid:	909\nVmPeak:	  168944 kB\nVmSize:	  168924 kB\nVmLck:	       0 kB\nVmPin:	       0 kB\nVmHWM:	    7748 kB\nVmRSS:	    7748 kB\nRssAnon:	    3260 kB\nRssFile:	    4488 kB\nRssShmem:	       0 kB\nVmData:	   19112 kB\nVmStk:	     132 kB\nVmExe:	      40 kB\nVmLib:	   11276 kB\nVmPTE:	      92 kB\nVmSwap:	       0 kB\nHugetlbPages:	       0 kB\nCoreDumping:	0\nTHP_enabled:	1\nThreads:	1\nSigQ:	1/128166\nSigPnd:	0000000000000000\nShdPnd:	0000000000000000\nSigBlk:	0000000000000000\nSigIgn:	0000000000001000\nSigCgt:	0000000100000000\nCapInh:	0000000000000000\nCapPrm:	000001ffffffffff\nCapEff:	000001ffffffffff\nCapBnd:	000001ffffffffff\nCapAmb:	0000000000000000\nNoNewPrivs:	0\nSeccomp:	0\nSeccomp_filters:	0\nSpeculation_Store_Bypass:	vulnerable\nSpeculationIndirectBranch:	always enabled\n
33844806195		read	0	11	32	4095	unconfined\n
33844812137		read	0	1	32	1024	2{z -V
33844812641		read	0	0	32	1024	
33844817397		read	0	4	32	1024	1000-V
33844817947		read	0	0	32	1024	
33844825516		read	0	49	32	1024	0::/user.slice/user-1000.slice/user@1000.service\nrvice\n
33844826929		read	0	0	32	1024	
34248061654		read	0	8	16	8	
34713064069		read	0	8	32	1024	systemd\n
34713065711		read	0	0	32	1024	
34713086351		read	0	28	32	4120	/lib/systemd/systemd
34713100948		read	0	1434	32	4120	Name:	systemd\nUmask:	0022\nState:	R (running)\nTgid:	909\nNgid:	0\nPid:	909\nPPid:	1\nTracerPid:	0\nUid:	1000	1000	1000	1000\nGid:	1000	1000	1000	1000\nFDSize:	128\nGroups:	24 25 27 29 30 44 46 100 106 111 113 116 1000 \nNStgid:	909\nNSpid:	909\nNSpgid:	909\nNSsid:	909\nVmPeak:	   19020 kB\nVmSize:	   19016 kB\nVmLck:	       0 kB\nVmPin:	       0 kB\nVmHWM:	   10648 kB\nVmRSS:	   10648 kB\nRssAnon:	    1724 kB\nRssFile:	    8924 kB\nRssShmem:	       0 kB\nVmData:	    1032 kB\nVmStk:	     132 kB\nVmExe:	      40 kB\nVmLib:	   10668 kB\nVmPTE:	      76 kB\nVmSwap:	       0 kB\nHugetlbPages:	       0 kB\nCoreDumping:	0\nTHP_enabled:	1\nThreads:	1\nSigQ:	1/128166\nSigPnd:	0000000000000000\nShdPnd:	0000000000010000\nSigBlk:	7fe3c0fe28014a03\nSigIgn:	0000000000001000\nSigCgt:	0000000000000000\nCapInh:	0000000000000000\nCapPrm:	0000000000000000\nCapEff:	0000000000000000\nCapBnd:	000001ffffffffff\nCapAmb:	0000000000000000\nNoNewPrivs:	0\nSeccomp:	0\nSeccomp_filters:	0\nSpeculation_Store_Bypass:	vulnerable\nSpeculationIndirectB
34713109494		read	0	11	32	4095	unconfined\n
34713115799		read	0	1	32	1024	2{z -V
34713116313		read	0	0	32	1024	
34713121922		read	0	4	32	1024	1000-V
34740203806		read	0	60	32	1024	0::/user.slice/user-1000.slice/user@1000.service/init.scope\n
34740215304		read	0	0	32	1024	
34746042898		read	0	172	9	8192	44,628,85136828,-;systemd-journald[478]: File /var/log/journal/4b9b08d6953441ac9626d6c2ad0eb6b4/user-1000.journal corrupted or uncleanly shut down, renaming and replacing.\n
34843809470		read	0	8	32	1024	systemd\n
34843827043		read	0	11	32	4104	/sbin/init
34843842779		read	0	1356	32	4104	Name:	systemd\nUmask:	0000\nState:	R (running)\nTgid:	1\nNgid:	0\nPid:	1\nPPid:	0\nTracerPid:	0\nUid:	0	0	0	0\nGid:	0	0	0	0\nFDSize:	128\nGroups:	 \nNStgid:	1\nNSpid:	1\nNSpgid:	1\nNSsid:	1\nVmPeak:	  233348 kB\nVmSize:	  167812 kB\nVmLck:	       0 kB\nVmPin:	       0 kB\nVmHWM:	   12388 kB\nVmRSS:	   12388 kB\nRssAnon:	    3140 kB\nRssFile:	    9248 kB\nRssShmem:	       0 kB\nVmData:	   19012 kB\nVmStk:	     132 kB\nVmExe:	      40 kB\nVmLib:	   10668 kB\nVmPTE:	      92 kB\nVmSwap:	       0 kB\nHugetlbPages:	       0 kB\nCoreDumping:	0\nTHP_enabled:	1\nThreads:	1\nSigQ:	1/128166\nSigPnd:	0000000000000000\nShdPnd:	0000000000000000\nSigBlk:	7fe3c0fe28014a03\nSigIgn:	0000000000001000\nSigCgt:	00000001000004ec\nCapInh:	0000000000000000\nCapPrm:	000001ffffffffff\nCapEff:	000001ffffffffff\nCapBnd:	000001ffffffffff\nCapAmb:	0000000000000000\nNoNewPrivs:	0\nSeccomp:	0\nSeccomp_filters:	0\nSpeculation_Store_Bypass:	vulnerable\nSpeculationIndirectBranch:	always enabled\nCpus_allowed:	ffffff\nCpus_allowed_list:	0-23\nMems_allowed:	
34843851098		read	0	11	32	4095	unconfined\n
34843856747		read	0	10	32	1024	4294967295
34843857292		read	0	0	32	1024	
34843862338		read	0	10	32	1024	4294967295
34843862885		read	0	0	32	1024	
34843868793		read	0	15	32	1024	0::/init.scope\n
34843870025		read	0	0	32	1024	
35005463924		read	0	8	16	8	
35462384023		read	0	9	38	1024	pipewire\n
35462385705		read	0	0	38	1024	
35462403132		read	0	18	38	4104	/usr/bin/pipewire
35462418580		read	0	1435	38	4104	Name:	pipewire\nUmask:	0022\nState:	R (running)\nTgid:	933\nNgid:	0\nPid:	933\nPPid:	909\nTracerPid:	0\nUid:	1000	1000	1000	1000\nGid:	1000	1000	1000	1000\nFDSize:	64\nGroups:	24 25 27 29 30 44 46 100 106 111 113 116 1000 \nNStgid:	933\nNSpid:	933\nNSpgid:	933\nNSsid:	933\nVmPeak:	   10572 kB\nVmSize:	   10572 kB\nVmLck:	       0 kB\nVmPin:	       0 kB\nVmHWM:	    4432 kB\nVmRSS:	    4432 kB\nRssAnon:	     624 kB\nRssFile:	    3808 kB\nRssShmem:	       0 kB\nVmData:	     432 kB\nVmStk:	     132 kB\nVmExe:	       4 kB\nVmLib:	    4728 kB\nVmPTE:	      60 kB\nVmSwap:	       0 kB\nHugetlbPages:	       0 kB\nCoreDumping:	0\nTHP_enabled:	1\nThreads:	1\nSigQ:	0/128166\nSigPnd:	0000000000000000\nShdPnd:	0000000000000000\nSigBlk:	0000000000004002\nSigIgn:	0000000000001000\nSigCgt:	0000000000000000\nCapInh:	0000000000000000\nCapPrm:	0000000000000000\nCapEff:	0000000000000000\nCapBnd:	000001ffffffffff\nCapAmb:	0000000000000000\nNoNewPrivs:	1\nSeccomp:	2\nSeccomp_filters:	9\nSpeculation_Store_Bypass:	vulnerable\nSpeculationIndirec
35462429486		read	0	11	38	4095	unconfined\n
35462435794		read	0	1	38	1024	2{z -V
35462436247		read	0	0	38	1024	
35462441634		read	0	4	38	1024	1000-V
35462442130		read	0	0	38	1024	
35462449964		read	0	80	38	1024	0::/user.slice/user-1000.slice/user@1000.service/session.slice/pipewire.service\n
35462451626		read	0	0	38	1024	
35470561942		read	0	15	38	1024	pipewire-pulse\n
35470563601		read	0	0	38	1024	
35470582348		read	0	24	38	4104	/usr/bin/pipewire-pulse
35470600104		read	0	1440	38	4104	Name:	pipewire-pulse\nUmask:	0022\nState:	R (running)\nTgid:	942\nNgid:	0\nPid:	942\nPPid:	909\nTracerPid:	0\nUid:	1000	1000	1000	1000\nGid:	1000	1000	1000	1000\nFDSize:	64\nGroups:	24 25 27 29 30 44 46 100 106 111 113 116 1000 \nNStgid:	942\nNSpid:	942\nNSpgid:	942\nNSsid:	942\nVmPeak:	   10572 kB\nVmSize:	   10572 kB\nVmLck:	       0 kB\nVmPin:	       0 kB\nVmHWM:	    4368 kB\nVmRSS:	    4368 kB\nRssAnon:	     600 kB\nRssFile:	    3768 kB\nRssShmem:	       0 kB\nVmData:	     432 kB\nVmStk:	     132 kB\nVmExe:	       4 kB\nVmLib:	    4728 kB\nVmPTE:	      60 kB\nVmSwap:	       0 kB\nHugetlbPages:	       0 kB\nCoreDumping:	0\nTHP_enabled:	1\nThreads:	1\nSigQ:	0/128166\nSigPnd:	0000000000000000\nShdPnd:	0000000000000000\nSigBlk:	0000000000004002\nSigIgn:	0000000000001000\nSigCgt:	0000000000000000\nCapInh:	0000000000000000\nCapPrm:	0000000000000000\nCapEff:	0000000000000000\nCapBnd:	000001ffffffffff\nCapAmb:	0000000000000000\nNoNewPrivs:	1\nSeccomp:	2\nSeccomp_filters:	9\nSpeculation_Store_Bypass:	vulnerable\nSpeculationI
35470608953		read	0	11	38	4095	unconfined\n
35470614546		read	0	1	38	1024	2{z -V
35470615013		read	0	0	38	1024	
35470620604		read	0	4	38	1024	1000-V
35470621081		read	0	0	38	1024	
35470629038		read	0	86	38	1024	0::/user.slice/user-1000.slice/user@1000.service/session.slice/pipewire-pulse.service\n
35470631051		read	0	0	38	1024	
35481410159		read	0	12	38	1024	dbus-daemon\n
35481411830		read	0	0	38	1024	
35481431176		read	0	105	38	4104	/usr/bin/dbus-daemon
35481448881		read	0	1385	38	4104	Name:	dbus-daemon\nUmask:	0022\nState:	R (running)\nTgid:	714\nNgid:	0\nPid:	714\nPPid:	1\nTracerPid:	0\nUid:	101	101	101	101\nGid:	108	108	108	108\nFDSize:	64\nGroups:	 \nNStgid:	714\nNSpid:	714\nNSpgid:	714\nNSsid:	714\nVmPeak:	    9780 kB\nVmSize:	    9780 kB\nVmLck:	       0 kB\nVmPin:	       0 kB\nVmHWM:	    5104 kB\nVmRSS:	    5104 kB\nRssAnon:	     848 kB\nRssFile:	    4256 kB\nRssShmem:	       0 kB\nVmData:	    1196 kB\nVmStk:	     132 kB\nVmExe:	     140 kB\nVmLib:	    5536 kB\nVmPTE:	      60 kB\nVmSwap:	       0 kB\nHugetlbPages:	       0 kB\nCoreDumping:	0\nTHP_enabled:	1\nThreads:	1\nSigQ:	0/128166\nSigPnd:	0000000000000000\nShdPnd:	0000000000000000\nSigBlk:	0000000000000000\nSigIgn:	0000000000001000\nSigCgt:	0000000000004001\nCapInh:	0000000000000000\nCapPrm:	0000000020000000\nCapEff:	0000000020000000\nCapBnd:	000001ffffffffff\nCapAmb:	0000000000000000\nNoNewPrivs:	0\nSeccomp:	0\nSeccomp_filters:	0\nSpeculation_Store_Bypass:	vulnerable\nSpeculationIndirectBranch:	always enabled\nCpus_allowed:	ffffff\nCpus_al
35481456019		read	0	11	38	4095	unconfined\n
35481461138		read	0	10	38	1024	4294967295
35481461915		read	0	0	38	1024	
35481466945		read	0	10	38	1024	4294967295
35481467541		read	0	0	38	1024	
35481473981		read	0	30	38	1024	0::/system.slice/dbus.service\n/user@1000.service/session.slice/pipewire-pulse.service\n
35481475151		read	0	0	38	1024	
35481708899		read	0	12	38	1024	wireplumber\n
35481710349		read	0	0	38	1024	
35481724865		read	0	21	38	4104	/usr/bin/wireplumber
35481738554		read	0	1438	38	4104	Name:	wireplumber\nUmask:	0022\nState:	R (running)\nTgid:	940\nNgid:	0\nPid:	940\nPPid:	909\nTracerPid:	0\nUid:	1000	1000	1000	1000\nGid:	1000	1000	1000	1000\nFDSize:	64\nGroups:	24 25 27 29 30 44 46 100 106 111 113 116 1000 \nNStgid:	940\nNSpid:	940\nNSpgid:	940\nNSsid:	940\nVmPeak:	   17248 kB\nVmSize:	   17240 kB\nVmLck:	       0 kB\nVmPin:	       0 kB\nVmHWM:	    7260 kB\nVmRSS:	    7260 kB\nRssAnon:	     880 kB\nRssFile:	    6380 kB\nRssShmem:	       0 kB\nVmData:	     532 kB\nVmStk:	     132 kB\nVmExe:	       8 kB\nVmLib:	    8340 kB\nVmPTE:	      68 kB\nVmSwap:	       0 kB\nHugetlbPages:	       0 kB\nCoreDumping:	0\nTHP_enabled:	1\nThreads:	1\nSigQ:	0/128166\nSigPnd:	0000000000000000\nShdPnd:	0000000000000000\nSigBlk:	0000000000000000\nSigIgn:	0000000000001000\nSigCgt:	0000000000000000\nCapInh:	0000000000000000\nCapPrm:	0000000000000000\nCapEff:	0000000000000000\nCapBnd:	000001ffffffffff\nCapAmb:	0000000000000000\nNoNewPrivs:	1\nSeccomp:	2\nSeccomp_filters:	9\nSpeculation_Store_Bypass:	vulnerable\nSpeculationIndi
35481746813		read	0	11	38	4095	unconfined\n
35481752059		read	0	1	38	1024	2{z -V
35481752598		read	0	0	38	1024	
35481758107		read	0	4	38	1024	1000-V
35481758784		read	0	0	38	1024	
35481766183		read	0	83	38	1024	0::/user.slice/user-1000.slice/user@1000.service/session.slice/wireplumber.service\nce\n
35481768201		read	0	0	38	1024	
35481837713		read	0	12	38	1024	wireplumber\n
35481838813		read	0	0	38	1024	
35481879479		read	0	12	38	1024	wireplumber\n
35493907181		read	0	13	39	1024	rtkit-daemon\n
35493908774		read	0	0	39	1024	
35493925318		read	0	26	39	4104	/usr/libexec/rtkit-daemon
35493939559		read	0	1384	39	4104	Name:	rtkit-daemon\nUmask:	0022\nState:	R (running)\nTgid:	946\nNgid:	0\nPid:	946\nPPid:	1\nTracerPid:	0\nUid:	109	109	109	109\nGid:	119	119	119	119\nFDSize:	128\nGroups:	 \nNStgid:	946\nNSpid:	946\nNSpgid:	946\nNSsid:	946\nVmPeak:	   14504 kB\nVmSize:	   14504 kB\nVmLck:	       0 kB\nVmPin:	       0 kB\nVmHWM:	    1516 kB\nVmRSS:	    1516 kB\nRssAnon:	     244 kB\nRssFile:	    1272 kB\nRssShmem:	       0 kB\nVmData:	    8484 kB\nVmStk:	     132 kB\nVmExe:	      28 kB\nVmLib:	    4144 kB\nVmPTE:	      52 kB\nVmSwap:	       0 kB\nHugetlbPages:	       0 kB\nCoreDumping:	0\nTHP_enabled:	1\nThreads:	2\nSigQ:	0/128166\nSigPnd:	0000000000000000\nShdPnd:	0000000000000000\nSigBlk:	fffffffffffbfeff\nSigIgn:	0000000000001000\nSigCgt:	0000000100000000\nCapInh:	0000000000000000\nCapPrm:	0000000000800004\nCapEff:	0000000000800004\nCapBnd:	00000000008400c4\nCapAmb:	0000000000000000\nNoNewPrivs:	0\nSeccomp:	0\nSeccomp_filters:	0\nSpeculation_Store_Bypass:	vulnerable\nSpeculationIndirectBranch:	always enabled\nCpus_allowed:	ffffff\nCpus_
35493946783		read	0	11	39	4095	unconfined\n
35493952054		read	0	10	39	1024	4294967295
35493952644		read	0	0	39	1024	
35493957220		read	0	10	39	1024	4294967295
35493957753		read	0	0	39	1024	
35493963750		read	0	38	39	1024	0::/system.slice/rtkit-daemon.service\n00.service/session.slice/wireplumber.service\nce\n
35493964966		read	0	0	39	1024	
35494028037		read	0	13	39	1024	rtkit-daemon\n
35494028969		read	0	0	39	1024	
35494036353		read	0	26	39	4104	/usr/libexec/rtkit-daemon
35494045681		read	0	1387	39	4104	Name:	rtkit-daemon\nUmask:	0022\nState:	D (disk sleep)\nTgid:	946\nNgid:	0\nPid:	946\nPPid:	1\nTracerPid:	0\nUid:	109	109	109	109\nGid:	119	119	119	119\nFDSize:	128\nGroups:	 \nNStgid:	946\nNSpid:	946\nNSpgid:	946\nNSsid:	946\nVmPeak:	   14504 kB\nVmSize:	   14504 kB\nVmLck:	       0 kB\nVmPin:	       0 kB\nVmHWM:	    1516 kB\nVmRSS:	    1516 kB\nRssAnon:	     244 kB\nRssFile:	    1272 kB\nRssShmem:	       0 kB\nVmData:	    8484 kB\nVmStk:	     132 kB\nVmExe:	      28 kB\nVmLib:	    4144 kB\nVmPTE:	      52 kB\nVmSwap:	       0 kB\nHugetlbPages:	       0 kB\nCoreDumping:	0\nTHP_enabled:	1\nThreads:	2\nSigQ:	0/128166\nSigPnd:	0000000000000000\nShdPnd:	0000000000000000\nSigBlk:	fffffffffffbfeff\nSigIgn:	0000000000001000\nSigCgt:	0000000100000000\nCapInh:	0000000000000000\nCapPrm:	0000000000800004\nCapEff:	0000000000800004\nCapBnd:	00000000008400c4\nCapAmb:	0000000000000000\nNoNewPrivs:	0\nSeccomp:	0\nSeccomp_filters:	0\nSpeculation_Store_Bypass:	vulnerable\nSpeculationIndirectBranch:	always enabled\nCpus_allowed:	ffffff\nCp
35494049036		read	0	11	39	4095	unconfined\n
35494052873		read	0	10	39	1024	4294967295
35494053401		read	0	0	39	1024	
35494057887		read	0	10	39	1024	4294967295
35494058384		read	0	0	39	1024	
35494062253		read	0	38	39	1024	0::/system.slice/rtkit-daemon.service\n00.service/session.slice/wireplumber.service\nce\n
35494063671		read	0	0	39	1024	
35610054365		read	0	12	39	1024	dbus-daemon\n
35610055961		read	0	0	39	1024	
35610083793		read	0	106	39	4104	/usr/bin/dbus-daemon
35610103640		read	0	1440	39	4104	Name:	dbus-daemon\nUmask:	0022\nState:	S (sleeping)\nTgid:	943\nNgid:	0\nPid:	943\nPPid:	909\nTracerPid:	0\nUid:	1000	1000	1000	1000\nGid:	1000	1000	1000	1000\nFDSize:	64\nGroups:	24 25 27 29 30 44 46 100 106 111 113 116 1000 \nNStgid:	943\nNSpid:	943\nNSpgid:	943\nNSsid:	943\nVmPeak:	    9120 kB\nVmSize:	    8988 kB\nVmLck:	       0 kB\nVmPin:	       0 kB\nVmHWM:	    4276 kB\nVmRSS:	    4276 kB\nRssAnon:	     412 kB\nRssFile:	    3864 kB\nRssShmem:	       0 kB\nVmData:	     404 kB\nVmStk:	     132 kB\nVmExe:	     140 kB\nVmLib:	    5536 kB\nVmPTE:	      60 kB\nVmSwap:	       0 kB\nHugetlbPages:	       0 kB\nCoreDumping:	0\nTHP_enabled:	1\nThreads:	1\nSigQ:	0/128166\nSigPnd:	0000000000000000\nShdPnd:	0000000000000000\nSigBlk:	0000000000000000\nSigIgn:	0000000000001000\nSigCgt:	0000000000004001\nCapInh:	0000000000000000\nCapPrm:	0000000000000000\nCapEff:	0000000000000000\nCapBnd:	000001ffffffffff\nCapAmb:	0000000000000000\nNoNewPrivs:	0\nSeccomp:	0\nSeccomp_filters:	0\nSpeculation_Store_Bypass:	vulnerable\nSpeculationInd
35610112866		read	0	11	39	4095	unconfined\n
35610119599		read	0	1	39	1024	2{z -V
35610120077		read	0	0	39	1024	
35610125413		read	0	4	39	1024	1000-V
35610125937		read	0	0	39	1024	
35633709635		read	0	76	39	1024	0::/user.slice/user-1000.slice/user@1000.service/session.slice/dbus.service\nervice\nce\n
35633719458		read	0	0	39	1024	
35749335430		read	0	8	16	8	
36007896970		read	0	8	40	1024	systemd\n
36007898385		read	0	0	40	1024	
36007917280		read	0	28	40	4104	/lib/systemd/systemd
36007933184		read	0	1434	40	4104	Name:	systemd\nUmask:	0022\nState:	R (running)\nTgid:	909\nNgid:	0\nPid:	909\nPPid:	1\nTracerPid:	0\nUid:	1000	1000	1000	1000\nGid:	1000	1000	1000	1000\nFDSize:	128\nGroups:	24 25 27 29 30 44 46 100 106 111 113 116 1000 \nNStgid:	909\nNSpid:	909\nNSpgid:	909\nNSsid:	909\nVmPeak:	   19204 kB\nVmSize:	   19140 kB\nVmLck:	       0 kB\nVmPin:	       0 kB\nVmHWM:	   10884 kB\nVmRSS:	   10884 kB\nRssAnon:	    1904 kB\nRssFile:	    8980 kB\nRssShmem:	       0 kB\nVmData:	    1156 kB\nVmStk:	     132 kB\nVmExe:	      40 kB\nVmLib:	   10668 kB\nVmPTE:	      76 kB\nVmSwap:	       0 kB\nHugetlbPages:	       0 kB\nCoreDumping:	0\nTHP_enabled:	1\nThreads:	1\nSigQ:	0/128166\nSigPnd:	0000000000000000\nShdPnd:	0000000000000000\nSigBlk:	7fe3c0fe28014a03\nSigIgn:	0000000000001000\nSigCgt:	0000000000000000\nCapInh:	0000000000000000\nCapPrm:	0000000000000000\nCapEff:	0000000000000000\nCapBnd:	000001ffffffffff\nCapAmb:	0000000000000000\nNoNewPrivs:	0\nSeccomp:	0\nSeccomp_filters:	0\nSpeculation_Store_Bypass:	vulnerable\nSpeculationIndirectB
36007941317		read	0	11	40	4095	unconfined\n
36007947499		read	0	1	40	1024	2{z -V
36007948038		read	0	0	40	1024	
36007953300		read	0	4	40	1024	1000-V
36007953785		read	0	0	40	1024	
36007960796		read	0	60	40	1024	0::/user.slice/user-1000.slice/user@1000.service/init.scope\nce/dbus.service\nervice\nce\n
36007962383		read	0	0	40	1024	
36262113418		read	0	8	16	8	
36499055369		read	0	8	16	8	
36526094354		read	0	13	40	1024	rtkit-daemon\n
36526096654		read	0	0	40	1024	
36526117885		read	0	26	40	4104	/usr/libexec/rtkit-daemon
36526135444		read	0	1385	40	4104	Name:	rtkit-daemon\nUmask:	0777\nState:	R (running)\nTgid:	946\nNgid:	0\nPid:	946\nPPid:	1\nTracerPid:	0\nUid:	109	109	109	109\nGid:	119	119	119	119\nFDSize:	128\nGroups:	 \nNStgid:	946\nNSpid:	946\nNSpgid:	946\nNSsid:	946\nVmPeak:	   22700 kB\nVmSize:	   22700 kB\nVmLck:	       0 kB\nVmPin:	       0 kB\nVmHWM:	    1516 kB\nVmRSS:	    1516 kB\nRssAnon:	     244 kB\nRssFile:	    1272 kB\nRssShmem:	       0 kB\nVmData:	   16676 kB\nVmStk:	     132 kB\nVmExe:	      28 kB\nVmLib:	    4144 kB\nVmPTE:	      56 kB\nVmSwap:	       0 kB\nHugetlbPages:	       0 kB\nCoreDumping:	0\nTHP_enabled:	1\nThreads:	3\nSigQ:	0/128166\nSigPnd:	0000000000000000\nShdPnd:	0000000000000000\nSigBlk:	0000000000000000\nSigIgn:	0000000000001000\nSigCgt:	0000000100000000\nCapInh:	0000000000000000\nCapPrm:	0000000000800004\nCapEff:	0000000000800004\nCapBnd:	00000000008400c4\nCapAmb:	0000000000000000\nNoNewPrivs:	0\nSeccomp:	0\nSeccomp_filters:	0\nSpeculation_Store_Bypass:	vulnerable\nSpeculationIndirectBranch:	always enabled\nCpus_allowed:	ffffff\nCpus_
36526143213		read	0	11	40	4095	unconfined\n
36526150586		read	0	10	40	1024	4294967295
36526157103		read	0	10	40	1024	4294967295
36526157740		read	0	0	40	1024	
36526166610		read	0	38	40	1024	0::/system.slice/rtkit-daemon.service\n00.service/init.scope\nce/dbus.service\nervice\nce\n
36526168348		read	0	0	40	1024	
37003834650		read	0	8	16	8	
37293919968		read	0	12	40	1024	wireplumber\n
37293921892		read	0	0	40	1024	
37293942029		read	0	21	40	4104	/usr/bin/wireplumber
37293961687		read	0	1442	40	4104	Name:	wireplumber\nUmask:	0022\nState:	D (disk sleep)\nTgid:	940\nNgid:	0\nPid:	940\nPPid:	909\nTracerPid:	0\nUid:	1000	1000	1000	1000\nGid:	1000	1000	1000	1000\nFDSize:	64\nGroups:	24 25 27 29 30 44 46 100 106 111 113 116 1000 \nNStgid:	940\nNSpid:	940\nNSpgid:	940\nNSsid:	940\nVmPeak:	  241828 kB\nVmSize:	  176292 kB\nVmLck:	       0 kB\nVmPin:	       0 kB\nVmHWM:	   11836 kB\nVmRSS:	   11836 kB\nRssAnon:	    1956 kB\nRssFile:	    9880 kB\nRssShmem:	       0 kB\nVmData:	   26292 kB\nVmStk:	     132 kB\nVmExe:	       8 kB\nVmLib:	    9576 kB\nVmPTE:	     100 kB\nVmSwap:	       0 kB\nHugetlbPages:	       0 kB\nCoreDumping:	0\nTHP_enabled:	1\nThreads:	4\nSigQ:	0/128166\nSigPnd:	0000000000000000\nShdPnd:	0000000000000000\nSigBlk:	fffffffffffbfeff\nSigIgn:	0000000000001000\nSigCgt:	0000000100004003\nCapInh:	0000000000000000\nCapPrm:	0000000000000000\nCapEff:	0000000000000000\nCapBnd:	000001ffffffffff\nCapAmb:	0000000000000000\nNoNewPrivs:	1\nSeccomp:	2\nSeccomp_filters:	9\nSpeculation_Store_Bypass:	vulnerable\nSpeculationI
37293969995		read	0	11	40	4095	unconfined\n
37293975997		read	0	1	40	1024	2{z -V
37293976506		read	0	0	40	1024	
37293981977		read	0	4	40	1024	1000-V
37293982531		read	0	0	40	1024	
37293991250		read	0	83	40	1024	0::/user.slice/user-1000.slice/user@1000.service/session.slice/wireplumber.service\nce\n
37293993078		read	0	0	40	1024	
37295597783		read	0	12	40	1024	wireplumber\n
37496983129		read	0	8	16	8	
37745250608		read	0	12	40	1024	dbus-daemon\n
37745252513		read	0	0	40	1024	
37745274613		read	0	106	40	4104	/usr/bin/dbus-daemon
37745295539		read	0	1439	40	4104	Name:	dbus-daemon\nUmask:	0022\nState:	R (running)\nTgid:	943\nNgid:	0\nPid:	943\nPPid:	909\nTracerPid:	0\nUid:	1000	1000	1000	1000\nGid:	1000	1000	1000	1000\nFDSize:	64\nGroups:	24 25 27 29 30 44 46 100 106 111 113 116 1000 \nNStgid:	943\nNSpid:	943\nNSpgid:	943\nNSsid:	943\nVmPeak:	    9120 kB\nVmSize:	    9120 kB\nVmLck:	       0 kB\nVmPin:	       0 kB\nVmHWM:	    4276 kB\nVmRSS:	    4276 kB\nRssAnon:	     412 kB\nRssFile:	    3864 kB\nRssShmem:	       0 kB\nVmData:	     536 kB\nVmStk:	     132 kB\nVmExe:	     140 kB\nVmLib:	    5536 kB\nVmPTE:	      60 kB\nVmSwap:	       0 kB\nHugetlbPages:	       0 kB\nCoreDumping:	0\nTHP_enabled:	1\nThreads:	1\nSigQ:	0/128166\nSigPnd:	0000000000000000\nShdPnd:	0000000000000000\nSigBlk:	0000000000000000\nSigIgn:	0000000000001000\nSigCgt:	0000000000004001\nCapInh:	0000000000000000\nCapPrm:	0000000000000000\nCapEff:	0000000000000000\nCapBnd:	000001ffffffffff\nCapAmb:	0000000000000000\nNoNewPrivs:	0\nSeccomp:	0\nSeccomp_filters:	0\nSpeculation_Store_Bypass:	vulnerable\nSpeculationIndi
37745304295		read	0	11	40	4095	unconfined\n
37745309763		read	0	1	40	1024	2{z -V
37745316029		read	0	4	40	1024	1000-V
37745316593		read	0	0	40	1024	
37745325974		read	0	76	40	1024	0::/user.slice/user-1000.slice/user@1000.service/session.slice/dbus.service\nervice\nce\n
37745327687		read	0	0	40	1024	
37848018853		read	0	12	40	1024	wireplumber\n
37848021331		read	0	0	40	1024	
37848123543		read	0	12	40	1024	wireplumber\n
37848124791		read	0	0	40	1024	
37996950558		read	0	8	16	8	
38613675942		read	0	8	41	1024	systemd\n
38613677271		read	0	0	41	1024	
38613695150		read	0	28	41	4104	/lib/systemd/systemd
38613728314		read	0	1435	41	4104	Name:	systemd\nUmask:	0022\nState:	R (running)\nTgid:	909\nNgid:	0\nPid:	909\nPPid:	1\nTracerPid:	0\nUid:	1000	1000	1000	1000\nGid:	1000	1000	1000	1000\nFDSize:	128\nGroups:	24 25 27 29 30 44 46 100 106 111 113 116 1000 \nNStgid:	909\nNSpid:	909\nNSpgid:	909\nNSsid:	909\nVmPeak:	   19520 kB\nVmSize:	   19488 kB\nVmLck:	       0 kB\nVmPin:	       0 kB\nVmHWM:	   11132 kB\nVmRSS:	   11132 kB\nRssAnon:	    2152 kB\nRssFile:	    8980 kB\nRssShmem:	       0 kB\nVmData:	    1504 kB\nVmStk:	     132 kB\nVmExe:	      40 kB\nVmLib:	   10668 kB\nVmPTE:	      76 kB\nVmSwap:	       0 kB\nHugetlbPages:	       0 kB\nCoreDumping:	0\nTHP_enabled:	1\nThreads:	1\nSigQ:	0/128166\nSigPnd:	0000000000000000\nShdPnd:	0000000000000000\nSigBlk:	7fe3c0fe28014a03\nSigIgn:	0000000000001000\nSigCgt:	0000000000000000\nCapInh:	0000000000000000\nCapPrm:	0000000000000000\nCapEff:	0000000000000000\nCapBnd:	000001ffffffffff\nCapAmb:	0000000000000000\nNoNewPrivs:	0\nSeccomp:	0\nSeccomp_filters:	0\nSpeculation_Store_Bypass:	vulnerable\nSpeculationIndirectB
38613737774		read	0	11	41	4095	unconfined\n
38613743782		read	0	1	41	1024	2{z -V
38613744298		read	0	0	41	1024	
38613749696		read	0	4	41	1024	1000-V
38613750203		read	0	0	41	1024	
38613756667		read	0	60	41	1024	0::/user.slice/user-1000.slice/user@1000.service/init.scope\nce/dbus.service\nervice\nce\n
38613758119		read	0	0	41	1024	
39143778310		read	0	0	41	1024	
39143806692		read	0	21	41	4104	/usr/bin/wireplumber
39143833905		read	0	1440	41	4104	Name:	wireplumber\nUmask:	0022\nState:	R (running)\nTgid:	940\nNgid:	0\nPid:	940\nPPid:	909\nTracerPid:	0\nUid:	1000	1000	1000	1000\nGid:	1000	1000	1000	1000\nFDSize:	64\nGroups:	24 25 27 29 30 44 46 100 106 111 113 116 1000 \nNStgid:	940\nNSpid:	940\nNSpgid:	940\nNSsid:	940\nVmPeak:	  257136 kB\nVmSize:	  257136 kB\nVmLck:	       0 kB\nVmPin:	       0 kB\nVmHWM:	   18120 kB\nVmRSS:	   18116 kB\nRssAnon:	    4912 kB\nRssFile:	   13204 kB\nRssShmem:	       0 kB\nVmData:	   37364 kB\nVmStk:	     132 kB\nVmExe:	       8 kB\nVmLib:	   12340 kB\nVmPTE:	     124 kB\nVmSwap:	       0 kB\nHugetlbPages:	       0 kB\nCoreDumping:	0\nTHP_enabled:	1\nThreads:	5\nSigQ:	0/128166\nSigPnd:	0000000000000000\nShdPnd:	0000000000000000\nSigBlk:	0000000000000000\nSigIgn:	0000000000001000\nSigCgt:	0000000100004003\nCapInh:	0000000000000000\nCapPrm:	0000000000000000\nCapEff:	0000000000000000\nCapBnd:	000001ffffffffff\nCapAmb:	0000000000000000\nNoNewPrivs:	1\nSeccomp:	2\nSeccomp_filters:	9\nSpeculation_Store_Bypass:	vulnerable\nSpeculationIndi
39143843129		read	0	11	41	4095	unconfined\n
39143849933		read	0	1	41	1024	2{z -V
39143850783		read	0	0	41	1024	
39143856668		read	0	4	41	1024	1000-V
39143857176		read	0	0	41	1024	
39143865307		read	0	83	41	1024	0::/user.slice/user-1000.slice/user@1000.service/session.slice/wireplumber.service\nce\n
39143867036		read	0	0	41	1024	
39143891221		read	0	12	41	1024	wireplumber\n
39143892101		read	0	0	41	1024	
39149931893		read	0	12	41	1024	wireplumber\n
39149933381		read	0	0	41	1024	
39155176948		read	0	12	41	1024	wireplumber\n
39155178345		read	0	0	41	1024	
39159894043		read	0	12	41	1024	wireplumber\n
39159896509		read	0	0	41	1024	
39162502454		read	0	12	41	1024	wireplumber\n
39162504147		read	0	0	41	1024	
39166941494		read	0	12	41	1024	wireplumber\n
39166943463		read	0	0	41	1024	
39172975907		read	0	0	41	1024	
39176796782		read	0	12	41	1024	wireplumber\n
39176798904		read	0	0	41	1024	
39180879644		read	0	12	41	1024	wireplumber\n
39180881252		read	0	0	41	1024	
39185052169		read	0	12	41	1024	wireplumber\n
39185053838		read	0	0	41	1024	
39497708335		read	0	8	16	8	
39875307707		read	0	12	41	1024	wireplumber\n
39875309231		read	0	0	41	1024	
40251492299		read	0	8	16	8	
40480700242		read	0	12	41	1024	dbus-daemon\n
40480702072		read	0	0	41	1024	
40480723911		read	0	106	41	4104	/usr/bin/dbus-daemon
40480743435		read	0	1440	41	4104	Name:	dbus-daemon\nUmask:	0022\nState:	S (sleeping)\nTgid:	943\nNgid:	0\nPid:	943\nPPid:	909\nTracerPid:	0\nUid:	1000	1000	1000	1000\nGid:	1000	1000	1000	1000\nFDSize:	64\nGroups:	24 25 27 29 30 44 46 100 106 111 113 116 1000 \nNStgid:	943\nNSpid:	943\nNSpgid:	943\nNSsid:	943\nVmPeak:	    9120 kB\nVmSize:	    9120 kB\nVmLck:	       0 kB\nVmPin:	       0 kB\nVmHWM:	    4276 kB\nVmRSS:	    4276 kB\nRssAnon:	     412 kB\nRssFile:	    3864 kB\nRssShmem:	       0 kB\nVmData:	     536 kB\nVmStk:	     132 kB\nVmExe:	     140 kB\nVmLib:	    5536 kB\nVmPTE:	      60 kB\nVmSwap:	       0 kB\nHugetlbPages:	       0 kB\nCoreDumping:	0\nTHP_enabled:	1\nThreads:	1\nSigQ:	0/128166\nSigPnd:	0000000000000000\nShdPnd:	0000000000000000\nSigBlk:	0000000000000000\nSigIgn:	0000000000001000\nSigCgt:	0000000000004001\nCapInh:	0000000000000000\nCapPrm:	0000000000000000\nCapEff:	0000000000000000\nCapBnd:	000001ffffffffff\nCapAmb:	0000000000000000\nNoNewPrivs:	0\nSeccomp:	0\nSeccomp_filters:	0\nSpeculation_Store_Bypass:	vulnerable\nSpeculationInd
40480752546		read	0	11	41	4095	unconfined\n
40480758324		read	0	1	41	1024	2{z -V
40480758808		read	0	0	41	1024	
40480764022		read	0	4	41	1024	1000-V
40480772654		read	0	76	41	1024	0::/user.slice/user-1000.slice/user@1000.service/session.slice/dbus.service\nervice\nce\n
40480774423		read	0	0	41	1024	
40581356745		read	0	8	42	1024	systemd\n
40581358697		read	0	0	42	1024	
40581379170		read	0	28	42	4104	/lib/systemd/systemd
40581395827		read	0	1436	42	4104	Name:	systemd\nUmask:	0022\nState:	S (sleeping)\nTgid:	909\nNgid:	0\nPid:	909\nPPid:	1\nTracerPid:	0\nUid:	1000	1000	1000	1000\nGid:	1000	1000	1000	1000\nFDSize:	128\nGroups:	24 25 27 29 30 44 46 100 106 111 113 116 1000 \nNStgid:	909\nNSpid:	909\nNSpgid:	909\nNSsid:	909\nVmPeak:	   19520 kB\nVmSize:	   19488 kB\nVmLck:	       0 kB\nVmPin:	       0 kB\nVmHWM:	   11168 kB\nVmRSS:	   11168 kB\nRssAnon:	    2188 kB\nRssFile:	    8980 kB\nRssShmem:	       0 kB\nVmData:	    1504 kB\nVmStk:	     132 kB\nVmExe:	      40 kB\nVmLib:	   10668 kB\nVmPTE:	      76 kB\nVmSwap:	       0 kB\nHugetlbPages:	       0 kB\nCoreDumping:	0\nTHP_enabled:	1\nThreads:	1\nSigQ:	0/128166\nSigPnd:	0000000000000000\nShdPnd:	0000000000000000\nSigBlk:	7fe3c0fe28014a03\nSigIgn:	0000000000001000\nSigCgt:	0000000000000000\nCapInh:	0000000000000000\nCapPrm:	0000000000000000\nCapEff:	0000000000000000\nCapBnd:	000001ffffffffff\nCapAmb:	0000000000000000\nNoNewPrivs:	0\nSeccomp:	0\nSeccomp_filters:	0\nSpeculation_Store_Bypass:	vulnerable\nSpeculationIndirect
40581403805		read	0	11	42	4095	unconfined\n
40581409684		read	0	1	42	1024	2{z -V
40581410197		read	0	0	42	1024	
40581415437		read	0	4	42	1024	1000-V
40581415951		read	0	0	42	1024	
40581422495		read	0	60	42	1024	0::/user.slice/user-1000.slice/user@1000.service/init.scope\nce/dbus.service\nervice\nce\n
40581423845		read	0	0	42	1024	
40753187895		read	0	8	16	8	
40768322096		read	0	12	42	1024	dbus-daemon\n
40768324776		read	0	0	42	1024	
40768346008		read	0	105	42	4104	/usr/bin/dbus-daemon
40768365617		read	0	1385	42	4104	Name:	dbus-daemon\nUmask:	0022\nState:	R (running)\nTgid:	714\nNgid:	0\nPid:	714\nPPid:	1\nTracerPid:	0\nUid:	101	101	101	101\nGid:	108	108	108	108\nFDSize:	64\nGroups:	 \nNStgid:	714\nNSpid:	714\nNSpgid:	714\nNSsid:	714\nVmPeak:	    9920 kB\nVmSize:	    9888 kB\nVmLck:	       0 kB\nVmPin:	       0 kB\nVmHWM:	    5344 kB\nVmRSS:	    5344 kB\nRssAnon:	    1084 kB\nRssFile:	    4260 kB\nRssShmem:	       0 kB\nVmData:	    1304 kB\nVmStk:	     132 kB\nVmExe:	     140 kB\nVmLib:	    5536 kB\nVmPTE:	      60 kB\nVmSwap:	       0 kB\nHugetlbPages:	       0 kB\nCoreDumping:	0\nTHP_enabled:	1\nThreads:	1\nSigQ:	0/128166\nSigPnd:	0000000000000000\nShdPnd:	0000000000000000\nSigBlk:	0000000000000000\nSigIgn:	0000000000001000\nSigCgt:	0000000000004001\nCapInh:	0000000000000000\nCapPrm:	0000000020000000\nCapEff:	0000000020000000\nCapBnd:	000001ffffffffff\nCapAmb:	0000000000000000\nNoNewPrivs:	0\nSeccomp:	0\nSeccomp_filters:	0\nSpeculation_Store_Bypass:	vulnerable\nSpeculationIndirectBranch:	always enabled\nCpus_allowed:	ffffff\nCpus_al
40768374129		read	0	11	42	4095	unconfined\n
40768379479		read	0	10	42	1024	4294967295
40768380101		read	0	0	42	1024	
40768385909		read	0	10	42	1024	4294967295
40768386544		read	0	0	42	1024	
40768394599		read	0	30	42	1024	0::/system.slice/dbus.service\n/user@1000.service/init.scope\nce/dbus.service\nervice\nce\n
40768396177		read	0	0	42	1024	
40855656405		read	0	8	43	1024	systemd\n
40855657965		read	0	0	43	1024	
40855679863		read	0	11	43	4120	/sbin/init
40855711143		read	0	1356	43	4104	Name:	systemd\nUmask:	0000\nState:	R (running)\nTgid:	1\nNgid:	0\nPid:	1\nPPid:	0\nTracerPid:	0\nUid:	0	0	0	0\nGid:	0	0	0	0\nFDSize:	128\nGroups:	 \nNStgid:	1\nNSpid:	1\nNSpgid:	1\nNSsid:	1\nVmPeak:	  233348 kB\nVmSize:	  167812 kB\nVmLck:	       0 kB\nVmPin:	       0 kB\nVmHWM:	   12388 kB\nVmRSS:	   12388 kB\nRssAnon:	    3140 kB\nRssFile:	    9248 kB\nRssShmem:	       0 kB\nVmData:	   19012 kB\nVmStk:	     132 kB\nVmExe:	      40 kB\nVmLib:	   10668 kB\nVmPTE:	      92 kB\nVmSwap:	       0 kB\nHugetlbPages:	       0 kB\nCoreDumping:	0\nTHP_enabled:	1\nThreads:	1\nSigQ:	1/128166\nSigPnd:	0000000000000000\nShdPnd:	0000000000000000\nSigBlk:	7fe3c0fe28014a03\nSigIgn:	0000000000001000\nSigCgt:	00000001000004ec\nCapInh:	0000000000000000\nCapPrm:	000001ffffffffff\nCapEff:	000001ffffffffff\nCapBnd:	000001ffffffffff\nCapAmb:	0000000000000000\nNoNewPrivs:	0\nSeccomp:	0\nSeccomp_filters:	0\nSpeculation_Store_Bypass:	vulnerable\nSpeculationIndirectBranch:	always enabled\nCpus_allowed:	ffffff\nCpus_allowed_list:	0-23\nMems_allowed:	
40855720952		read	0	11	43	4095	unconfined\n
40855728511		read	0	10	43	1024	4294967295
40855729343		read	0	0	43	1024	
40855735554		read	0	10	43	1024	4294967295
40855736568		read	0	0	43	1024	
40855744346		read	0	15	43	1024	0::/init.scope\n
40855745812		read	0	0	43	1024	
40870082179		read	0	8	43	1024	udisksd\n
40870084136		read	0	0	43	1024	
40871958217		read	0	29	43	4104	/usr/libexec/udisks2/udisksd
40871979117		read	0	1370	43	4104	Name:	udisksd\nUmask:	0022\nState:	R (running)\nTgid:	1010\nNgid:	0\nPid:	1010\nPPid:	1\nTracerPid:	0\nUid:	0	0	0	0\nGid:	0	0	0	0\nFDSize:	128\nGroups:	 \nNStgid:	1010\nNSpid:	1010\nNSpgid:	1010\nNSsid:	1010\nVmPeak:	   20848 kB\nVmSize:	   20848 kB\nVmLck:	       0 kB\nVmPin:	       0 kB\nVmHWM:	    6916 kB\nVmRSS:	    6916 kB\nRssAnon:	    1020 kB\nRssFile:	    5896 kB\nRssShmem:	       0 kB\nVmData:	     452 kB\nVmStk:	     132 kB\nVmExe:	     256 kB\nVmLib:	   10652 kB\nVmPTE:	      80 kB\nVmSwap:	       0 kB\nHugetlbPages:	       0 kB\nCoreDumping:	0\nTHP_enabled:	1\nThreads:	1\nSigQ:	1/128166\nSigPnd:	0000000000000000\nShdPnd:	0000000000000000\nSigBlk:	0000000000000000\nSigIgn:	0000000000001000\nSigCgt:	0000000000000000\nCapInh:	0000000000000000\nCapPrm:	000001ffffffffff\nCapEff:	000001ffffffffff\nCapBnd:	000001ffffffffff\nCapAmb:	0000000000000000\nNoNewPrivs:	0\nSeccomp:	0\nSeccomp_filters:	0\nSpeculation_Store_Bypass:	vulnerable\nSpeculationIndirectBranch:	always enabled\nCpus_allowed:	ffffff\nCpus_allowed_list:	0
40871989570		read	0	11	43	4095	unconfined\n
40871996918		read	0	10	43	1024	4294967295
40871997817		read	0	0	43	1024	
40872004680		read	0	10	43	1024	4294967295
40872006008		read	0	0	43	1024	
40872013540		read	0	33	43	1024	0::/system.slice/udisks2.service\ner@1000.service/init.scope\nce/dbus.service\nervice\nce\n
40872015742		read	0	0	43	1024	
40872042207		read	0	8	43	1024	udisksd\n
40872043422		read	0	0	43	1024	
41111116557		read	0	8	43	1024	udisksd\n
41111118499		read	0	0	43	1024	
41121236881		read	0	8	43	1024	udisksd\n
41121239407		read	0	0	43	1024	
41501943337		read	0	8	16	8	
41621834541		read	0	8	43	1024	udisksd\n
41621836093		read	0	0	43	1024	
41645481602		read	0	12	43	1024	dbus-daemon\n
41645483555		read	0	0	43	1024	
41645504693		read	0	106	43	4104	/usr/bin/dbus-daemon
41645524721		read	0	1439	43	4104	Name:	dbus-daemon\nUmask:	0022\nState:	R (running)\nTgid:	943\nNgid:	0\nPid:	943\nPPid:	909\nTracerPid:	0\nUid:	1000	1000	1000	1000\nGid:	1000	1000	1000	1000\nFDSize:	64\nGroups:	24 25 27 29 30 44 46 100 106 111 113 116 1000 \nNStgid:	943\nNSpid:	943\nNSpgid:	943\nNSsid:	943\nVmPeak:	    9120 kB\nVmSize:	    9120 kB\nVmLck:	       0 kB\nVmPin:	       0 kB\nVmHWM:	    4276 kB\nVmRSS:	    4276 kB\nRssAnon:	     412 kB\nRssFile:	    3864 kB\nRssShmem:	       0 kB\nVmData:	     536 kB\nVmStk:	     132 kB\nVmExe:	     140 kB\nVmLib:	    5536 kB\nVmPTE:	      60 kB\nVmSwap:	       0 kB\nHugetlbPages:	       0 kB\nCoreDumping:	0\nTHP_enabled:	1\nThreads:	1\nSigQ:	0/128166\nSigPnd:	0000000000000000\nShdPnd:	0000000000000000\nSigBlk:	0000000000000000\nSigIgn:	0000000000001000\nSigCgt:	0000000000004001\nCapInh:	0000000000000000\nCapPrm:	0000000000000000\nCapEff:	0000000000000000\nCapBnd:	000001ffffffffff\nCapAmb:	0000000000000000\nNoNewPrivs:	0\nSeccomp:	0\nSeccomp_filters:	0\nSpeculation_Store_Bypass:	vulnerable\nSpeculationIndi
41645532835		read	0	11	43	4095	unconfined\n
41645539030		read	0	1	43	1024	2{z -V
41645539686		read	0	0	43	1024	
41645545260		read	0	4	43	1024	1000-V
41645545855		read	0	0	43	1024	
41645553813		read	0	76	43	1024	0::/user.slice/user-1000.slice/user@1000.service/session.slice/dbus.service\nervice\nce\n
41645555899		read	0	0	43	1024	
41650563603		read	0	8	43	1024	systemd\n
41650565466		read	0	0	43	1024	
41650582580		read	0	28	43	4104	/lib/systemd/systemd
41650615323		read	0	1436	43	4104	Name:	systemd\nUmask:	0022\nState:	S (sleeping)\nTgid:	909\nNgid:	0\nPid:	909\nPPid:	1\nTracerPid:	0\nUid:	1000	1000	1000	1000\nGid:	1000	1000	1000	1000\nFDSize:	128\nGroups:	24 25 27 29 30 44 46 100 106 111 113 116 1000 \nNStgid:	909\nNSpid:	909\nNSpgid:	909\nNSsid:	909\nVmPeak:	   19520 kB\nVmSize:	   19488 kB\nVmLck:	       0 kB\nVmPin:	       0 kB\nVmHWM:	   11168 kB\nVmRSS:	   11168 kB\nRssAnon:	    2188 kB\nRssFile:	    8980 kB\nRssShmem:	       0 kB\nVmData:	    1504 kB\nVmStk:	     132 kB\nVmExe:	      40 kB\nVmLib:	   10668 kB\nVmPTE:	      76 kB\nVmSwap:	       0 kB\nHugetlbPages:	       0 kB\nCoreDumping:	0\nTHP_enabled:	1\nThreads:	1\nSigQ:	0/128166\nSigPnd:	0000000000000000\nShdPnd:	0000000000000000\nSigBlk:	7fe3c0fe28014a03\nSigIgn:	0000000000001000\nSigCgt:	0000000000000000\nCapInh:	0000000000000000\nCapPrm:	0000000000000000\nCapEff:	0000000000000000\nCapBnd:	000001ffffffffff\nCapAmb:	0000000000000000\nNoNewPrivs:	0\nSeccomp:	0\nSeccomp_filters:	0\nSpeculation_Store_Bypass:	vulnerable\nSpeculationIndirect
41650623792		read	0	11	43	4095	unconfined\n
41650629385		read	0	1	43	1024	2{z -V
41650629863		read	0	0	43	1024	
41650635343		read	0	4	43	1024	1000-V
41650635923		read	0	0	43	1024	
41650642341		read	0	60	43	1024	0::/user.slice/user-1000.slice/user@1000.service/init.scope\nce/dbus.service\nervice\nce\n
41650644077		read	0	0	43	1024	
41968402540		read	0	11	46	1024	goa-daemon\n
41968404383		read	0	0	46	1024	
41968428143		read	0	24	46	4104	/usr/libexec/goa-daemon
41968510986		read	0	1443	46	4104	Name:	goa-daemon\nUmask:	0022\nState:	R (running)\nTgid:	1033\nNgid:	0\nPid:	1033\nPPid:	1032\nTracerPid:	0\nUid:	1000	1000	1000	1000\nGid:	1000	1000	1000	1000\nFDSize:	64\nGroups:	24 25 27 29 30 44 46 100 106 111 113 116 1000 \nNStgid:	1033\nNSpid:	1033\nNSpgid:	943\nNSsid:	943\nVmPeak:	  231184 kB\nVmSize:	  231184 kB\nVmLck:	       0 kB\nVmPin:	       0 kB\nVmHWM:	   33904 kB\nVmRSS:	   33904 kB\nRssAnon:	    6772 kB\nRssFile:	   27132 kB\nRssShmem:	       0 kB\nVmData:	   14728 kB\nVmStk:	     132 kB\nVmExe:	      20 kB\nVmLib:	  116436 kB\nVmPTE:	     252 kB\nVmSwap:	       0 kB\nHugetlbPages:	       0 kB\nCoreDumping:	0\nTHP_enabled:	1\nThreads:	1\nSigQ:	0/128166\nSigPnd:	0000000000000000\nShdPnd:	0000000000000000\nSigBlk:	fffffffe7ffbfeff\nSigIgn:	0000000000001000\nSigCgt:	0000000100000000\nCapInh:	0000000000000000\nCapPrm:	0000000000000000\nCapEff:	0000000000000000\nCapBnd:	000001ffffffffff\nCapAmb:	0000000000000000\nNoNewPrivs:	0\nSeccomp:	0\nSeccomp_filters:	0\nSpeculation_Store_Bypass:	vulnerable\nSpeculation
41968523064		read	0	11	46	4095	unconfined\n
41968529841		read	0	1	46	1024	2{z -V
41968530512		read	0	0	46	1024	
41968537362		read	0	4	46	1024	1000-V
41968537934		read	0	0	46	1024	
41968546993		read	0	76	46	1024	0::/user.slice/user-1000.slice/user@1000.service/session.slice/dbus.service\nervice\nce\n
41968548859		read	0	0	46	1024	
41968578528		read	0	11	46	1024	goa-daemon\n
41968579451		read	0	0	46	1024	
42255603317		read	0	8	16	8	
42675977983		read	0	12	48	1024	dbus-daemon\n
42675979920		read	0	0	48	1024	
42676004059		read	0	106	48	4104	/usr/bin/dbus-daemon
42676023375		read	0	1440	48	4104	Name:	dbus-daemon\nUmask:	0022\nState:	R (running)\nTgid:	943\nNgid:	0\nPid:	943\nPPid:	909\nTracerPid:	0\nUid:	1000	1000	1000	1000\nGid:	1000	1000	1000	1000\nFDSize:	64\nGroups:	24 25 27 29 30 44 46 100 106 111 113 116 1000 \nNStgid:	943\nNSpid:	943\nNSpgid:	943\nNSsid:	943\nVmPeak:	    9120 kB\nVmSize:	    9120 kB\nVmLck:	       0 kB\nVmPin:	       0 kB\nVmHWM:	    4868 kB\nVmRSS:	    4868 kB\nRssAnon:	     600 kB\nRssFile:	    4268 kB\nRssShmem:	       0 kB\nVmData:	     536 kB\nVmStk:	     132 kB\nVmExe:	     140 kB\nVmLib:	    5536 kB\nVmPTE:	      60 kB\nVmSwap:	       0 kB\nHugetlbPages:	       0 kB\nCoreDumping:	0\nTHP_enabled:	1\nThreads:	1\nSigQ:	0/128166\nSigPnd:	0000000000000000\nShdPnd:	0000000000000000\nSigBlk:	0000000000000000\nSigIgn:	0000000000001000\nSigCgt:	0000000000004001\nCapInh:	0000000000000000\nCapPrm:	0000000000000000\nCapEff:	0000000000000000\nCapBnd:	000001ffffffffff\nCapAmb:	0000000000000000\nNoNewPrivs:	0\nSeccomp:	0\nSeccomp_filters:	0\nSpeculation_Store_Bypass:	vulnerable\nSpeculationIndi
42676032544		read	0	11	48	4095	unconfined\n
42676041655		read	0	0	48	1024	
42676047171		read	0	4	48	1024	1000-V
42676047744		read	0	0	48	1024	
42676056401		read	0	76	48	1024	0::/user.slice/user-1000.slice/user@1000.service/session.slice/dbus.service\nervice\nce\n
42676058088		read	0	0	48	1024	
42722815792		read	0	8	49	1024	systemd\n
42722817308		read	0	0	49	1024	
42722837094		read	0	28	49	4104	/lib/systemd/systemd
42722877049		read	0	1436	49	4104	Name:	systemd\nUmask:	0022\nState:	S (sleeping)\nTgid:	909\nNgid:	0\nPid:	909\nPPid:	1\nTracerPid:	0\nUid:	1000	1000	1000	1000\nGid:	1000	1000	1000	1000\nFDSize:	128\nGroups:	24 25 27 29 30 44 46 100 106 111 113 116 1000 \nNStgid:	909\nNSpid:	909\nNSpgid:	909\nNSsid:	909\nVmPeak:	   19520 kB\nVmSize:	   19488 kB\nVmLck:	       0 kB\nVmPin:	       0 kB\nVmHWM:	   11180 kB\nVmRSS:	   11180 kB\nRssAnon:	    2200 kB\nRssFile:	    8980 kB\nRssShmem:	       0 kB\nVmData:	    1504 kB\nVmStk:	     132 kB\nVmExe:	      40 kB\nVmLib:	   10668 kB\nVmPTE:	      76 kB\nVmSwap:	       0 kB\nHugetlbPages:	       0 kB\nCoreDumping:	0\nTHP_enabled:	1\nThreads:	1\nSigQ:	0/128166\nSigPnd:	0000000000000000\nShdPnd:	0000000000000000\nSigBlk:	7fe3c0fe28014a03\nSigIgn:	0000000000001000\nSigCgt:	0000000000000000\nCapInh:	0000000000000000\nCapPrm:	0000000000000000\nCapEff:	0000000000000000\nCapBnd:	000001ffffffffff\nCapAmb:	0000000000000000\nNoNewPrivs:	0\nSeccomp:	0\nSeccomp_filters:	0\nSpeculation_Store_Bypass:	vulnerable\nSpeculationIndirect
42722886290		read	0	11	49	4095	unconfined\n
42722892636		read	0	1	49	1024	2{z -V
42722893135		read	0	0	49	1024	
42722898465		read	0	4	49	1024	1000-V
42722898967		read	0	0	49	1024	
42722905445		read	0	60	49	1024	0::/user.slice/user-1000.slice/user@1000.service/init.scope\nce/dbus.service\nervice\nce\n
42722906945		read	0	0	49	1024	
43064870909		read	0	12	51	1024	dbus-daemon\n
43064872577		read	0	0	51	1024	
43064936007		read	0	105	51	4104	/usr/bin/dbus-daemon
43065672916		read	0	1386	51	4104	Name:	dbus-daemon\nUmask:	0022\nState:	S (sleeping)\nTgid:	714\nNgid:	0\nPid:	714\nPPid:	1\nTracerPid:	0\nUid:	101	101	101	101\nGid:	108	108	108	108\nFDSize:	64\nGroups:	 \nNStgid:	714\nNSpid:	714\nNSpgid:	714\nNSsid:	714\nVmPeak:	    9920 kB\nVmSize:	    9888 kB\nVmLck:	       0 kB\nVmPin:	       0 kB\nVmHWM:	    5344 kB\nVmRSS:	    5344 kB\nRssAnon:	    1084 kB\nRssFile:	    4260 kB\nRssShmem:	       0 kB\nVmData:	    1304 kB\nVmStk:	     132 kB\nVmExe:	     140 kB\nVmLib:	    5536 kB\nVmPTE:	      60 kB\nVmSwap:	       0 kB\nHugetlbPages:	       0 kB\nCoreDumping:	0\nTHP_enabled:	1\nThreads:	1\nSigQ:	0/128166\nSigPnd:	0000000000000000\nShdPnd:	0000000000000000\nSigBlk:	0000000000000000\nSigIgn:	0000000000001000\nSigCgt:	0000000000004001\nCapInh:	0000000000000000\nCapPrm:	0000000020000000\nCapEff:	0000000020000000\nCapBnd:	000001ffffffffff\nCapAmb:	0000000000000000\nNoNewPrivs:	0\nSeccomp:	0\nSeccomp_filters:	0\nSpeculation_Store_Bypass:	vulnerable\nSpeculationIndirectBranch:	always enabled\nCpus_allowed:	ffffff\nCpus_a
43065691906		read	0	11	51	4095	unconfined\n
43065700433		read	0	10	51	1024	4294967295
43065701212		read	0	0	51	1024	
43065707559		read	0	10	51	1024	4294967295
43065708147		read	0	0	51	1024	
43065715830		read	0	30	51	1024	0::/system.slice/dbus.service\n/user@1000.service/init.scope\nce/dbus.service\nervice\nce\n
43065717570		read	0	0	51	1024	
43255065626		read	0	8	16	8	
43276559713		read	0	8	52	1024	systemd\n
43276561062		read	0	0	52	1024	
43276575884		read	0	11	52	4104	/sbin/init
43276591441		read	0	1357	52	4104	Name:	systemd\nUmask:	0000\nState:	S (sleeping)\nTgid:	1\nNgid:	0\nPid:	1\nPPid:	0\nTracerPid:	0\nUid:	0	0	0	0\nGid:	0	0	0	0\nFDSize:	128\nGroups:	 \nNStgid:	1\nNSpid:	1\nNSpgid:	1\nNSsid:	1\nVmPeak:	  233348 kB\nVmSize:	  167812 kB\nVmLck:	       0 kB\nVmPin:	       0 kB\nVmHWM:	   12388 kB\nVmRSS:	   12388 kB\nRssAnon:	    3140 kB\nRssFile:	    9248 kB\nRssShmem:	       0 kB\nVmData:	   19012 kB\nVmStk:	     132 kB\nVmExe:	      40 kB\nVmLib:	   10668 kB\nVmPTE:	      92 kB\nVmSwap:	       0 kB\nHugetlbPages:	       0 kB\nCoreDumping:	0\nTHP_enabled:	1\nThreads:	1\nSigQ:	1/128166\nSigPnd:	0000000000000000\nShdPnd:	0000000000000000\nSigBlk:	7fe3c0fe28014a03\nSigIgn:	0000000000001000\nSigCgt:	00000001000004ec\nCapInh:	0000000000000000\nCapPrm:	000001ffffffffff\nCapEff:	000001ffffffffff\nCapBnd:	000001ffffffffff\nCapAmb:	0000000000000000\nNoNewPrivs:	0\nSeccomp:	0\nSeccomp_filters:	0\nSpeculation_Store_Bypass:	vulnerable\nSpeculationIndirectBranch:	always enabled\nCpus_allowed:	ffffff\nCpus_allowed_list:	0-23\nMems_allowed:
43276598617		read	0	11	52	4095	unconfined\n
43276603659		read	0	10	52	1024	4294967295
43276604229		read	0	0	52	1024	
43276608660		read	0	10	52	1024	4294967295
43276609455		read	0	0	52	1024	
43276615245		read	0	15	52	1024	0::/init.scope\n
43276616296		read	0	0	52	1024	
43511093163		read	0	8	16	8	
43532335995		read	0	5	52	1024	sudo\nV
43532337615		read	0	0	52	1024	
43532445862		read	0	16	52	4104	sudo
43532469388		read	0	1367	52	4104	Name:	sudo\nUmask:	0022\nState:	R (running)\nTgid:	989\nNgid:	0\nPid:	989\nPPid:	934\nTracerPid:	0\nUid:	1000	0	0	0\nGid:	0	0	0	0\nFDSize:	256\nGroups:	0 \nNStgid:	989\nNSpid:	989\nNSpgid:	989\nNSsid:	843\nVmPeak:	   26448 kB\nVmSize:	   10064 kB\nVmLck:	       0 kB\nVmPin:	       0 kB\nVmHWM:	   21128 kB\nVmRSS:	    4736 kB\nRssAnon:	     480 kB\nRssFile:	    4256 kB\nRssShmem:	       0 kB\nVmData:	     636 kB\nVmStk:	     132 kB\nVmExe:	     184 kB\nVmLib:	    3804 kB\nVmPTE:	      60 kB\nVmSwap:	       0 kB\nHugetlbPages:	       0 kB\nCoreDumping:	0\nTHP_enabled:	1\nThreads:	1\nSigQ:	0/128166\nSigPnd:	0000000000000000\nShdPnd:	0000000000000000\nSigBlk:	0000000000000000\nSigIgn:	0000000000301000\nSigCgt:	0000000000096a07\nCapInh:	0000000000000000\nCapPrm:	000001ffffffffff\nCapEff:	000001ffffffffff\nCapBnd:	000001ffffffffff\nCapAmb:	0000000000000000\nNoNewPrivs:	0\nSeccomp:	0\nSeccomp_filters:	0\nSpeculation_Store_Bypass:	vulnerable\nSpeculationIndirectBranch:	always enabled\nCpus_allowed:	ffffff\nCpus_allowed_list:	0-23
43532479881		read	0	11	52	4095	unconfined\n
43532486968		read	0	1	52	1024	1{z -V
43532487643		read	0	0	52	1024	
43532493855		read	0	4	52	1024	1000-V
43532494434		read	0	0	52	1024	
43532503157		read	0	47	52	1024	0::/user.slice/user-1000.slice/session-1.scope\ne/init.scope\nce/dbus.service\nervice\nce\n
43532504782		read	0	0	52	1024	
43532580497		read	0	5	52	1024	sudo\nV
43532581451		read	0	0	52	1024	
43535569919		read	0	16	52	4104	sudo
43535620375		read	0	1370	52	4104	Name:	sudo\nUmask:	0022\nState:	D (disk sleep)\nTgid:	989\nNgid:	0\nPid:	989\nPPid:	934\nTracerPid:	0\nUid:	1000	0	0	0\nGid:	0	0	0	0\nFDSize:	256\nGroups:	0 \nNStgid:	989\nNSpid:	989\nNSpgid:	989\nNSsid:	843\nVmPeak:	   26448 kB\nVmSize:	   10064 kB\nVmLck:	       0 kB\nVmPin:	       0 kB\nVmHWM:	   21128 kB\nVmRSS:	    4736 kB\nRssAnon:	     480 kB\nRssFile:	    4256 kB\nRssShmem:	       0 kB\nVmData:	     636 kB\nVmStk:	     132 kB\nVmExe:	     184 kB\nVmLib:	    3804 kB\nVmPTE:	      60 kB\nVmSwap:	       0 kB\nHugetlbPages:	       0 kB\nCoreDumping:	0\nTHP_enabled:	1\nThreads:	1\nSigQ:	0/128166\nSigPnd:	0000000000000000\nShdPnd:	0000000000000000\nSigBlk:	fffffffe7ffbfeff\nSigIgn:	0000000000301000\nSigCgt:	0000000000096a07\nCapInh:	0000000000000000\nCapPrm:	000001ffffffffff\nCapEff:	000001ffffffffff\nCapBnd:	000001ffffffffff\nCapAmb:	0000000000000000\nNoNewPrivs:	0\nSeccomp:	0\nSeccomp_filters:	0\nSpeculation_Store_Bypass:	vulnerable\nSpeculationIndirectBranch:	always enabled\nCpus_allowed:	ffffff\nCpus_allowed_list:	0
43535631185		read	0	11	52	4095	unconfined\n
43535638810		read	0	1	52	1024	1{z -V
43535639820		read	0	0	52	1024	
43535645406		read	0	4	52	1024	1000-V
43535645941		read	0	0	52	1024	
43535652639		read	0	47	52	1024	0::/user.slice/user-1000.slice/session-1.scope\ne/init.scope\nce/dbus.service\nervice\nce\n
43535654507		read	0	0	52	1024	
44008050307		read	0	8	16	8	
44211782986		read	0	12	52	1024	dbus-daemon\n
44211784712		read	0	0	52	1024	
44211804554		read	0	106	52	4104	/usr/bin/dbus-daemon
44211823054		read	0	1440	52	4104	Name:	dbus-daemon\nUmask:	0022\nState:	R (running)\nTgid:	943\nNgid:	0\nPid:	943\nPPid:	909\nTracerPid:	0\nUid:	1000	1000	1000	1000\nGid:	1000	1000	1000	1000\nFDSize:	64\nGroups:	24 25 27 29 30 44 46 100 106 111 113 116 1000 \nNStgid:	943\nNSpid:	943\nNSpgid:	943\nNSsid:	943\nVmPeak:	    9252 kB\nVmSize:	    9252 kB\nVmLck:	       0 kB\nVmPin:	       0 kB\nVmHWM:	    4868 kB\nVmRSS:	    4868 kB\nRssAnon:	     600 kB\nRssFile:	    4268 kB\nRssShmem:	       0 kB\nVmData:	     668 kB\nVmStk:	     132 kB\nVmExe:	     140 kB\nVmLib:	    5536 kB\nVmPTE:	      60 kB\nVmSwap:	       0 kB\nHugetlbPages:	       0 kB\nCoreDumping:	0\nTHP_enabled:	1\nThreads:	1\nSigQ:	0/128166\nSigPnd:	0000000000000000\nShdPnd:	0000000000000000\nSigBlk:	0000000000000000\nSigIgn:	0000000000001000\nSigCgt:	0000000000004001\nCapInh:	0000000000000000\nCapPrm:	0000000000000000\nCapEff:	0000000000000000\nCapBnd:	000001ffffffffff\nCapAmb:	0000000000000000\nNoNewPrivs:	0\nSeccomp:	0\nSeccomp_filters:	0\nSpeculation_Store_Bypass:	vulnerable\nSpeculationIndi
44211831572		read	0	11	52	4095	unconfined\n
44211837511		read	0	1	52	1024	2{z -V
44211837976		read	0	0	52	1024	
44211843638		read	0	4	52	1024	1000-V
44211844126		read	0	0	52	1024	
44211852234		read	0	76	52	1024	0::/user.slice/user-1000.slice/user@1000.service/session.slice/dbus.service\nervice\nce\n
44211853945		read	0	0	52	1024	
44215732176		read	0	8	52	1024	systemd\n
44215733686		read	0	0	52	1024	
44215748964		read	0	28	52	4104	/lib/systemd/systemd
44215780766		read	0	1435	52	4104	Name:	systemd\nUmask:	0022\nState:	R (running)\nTgid:	909\nNgid:	0\nPid:	909\nPPid:	1\nTracerPid:	0\nUid:	1000	1000	1000	1000\nGid:	1000	1000	1000	1000\nFDSize:	128\nGroups:	24 25 27 29 30 44 46 100 106 111 113 116 1000 \nNStgid:	909\nNSpid:	909\nNSpgid:	909\nNSsid:	909\nVmPeak:	   19520 kB\nVmSize:	   19488 kB\nVmLck:	       0 kB\nVmPin:	       0 kB\nVmHWM:	   11200 kB\nVmRSS:	   11200 kB\nRssAnon:	    2220 kB\nRssFile:	    8980 kB\nRssShmem:	       0 kB\nVmData:	    1504 kB\nVmStk:	     132 kB\nVmExe:	      40 kB\nVmLib:	   10668 kB\nVmPTE:	      76 kB\nVmSwap:	       0 kB\nHugetlbPages:	       0 kB\nCoreDumping:	0\nTHP_enabled:	1\nThreads:	1\nSigQ:	0/128166\nSigPnd:	0000000000000000\nShdPnd:	0000000000000000\nSigBlk:	7fe3c0fe28014a03\nSigIgn:	0000000000001000\nSigCgt:	0000000000000000\nCapInh:	0000000000000000\nCapPrm:	0000000000000000\nCapEff:	0000000000000000\nCapBnd:	000001ffffffffff\nCapAmb:	0000000000000000\nNoNewPrivs:	0\nSeccomp:	0\nSeccomp_filters:	0\nSpeculation_Store_Bypass:	vulnerable\nSpeculationIndirectB
44215788972		read	0	11	52	4095	unconfined\n
44215794927		read	0	1	52	1024	2{z -V
44215795424		read	0	0	52	1024	
44215800463		read	0	4	52	1024	1000-V
44215800982		read	0	0	52	1024	
44215807580		read	0	60	52	1024	0::/user.slice/user-1000.slice/user@1000.service/init.scope\nce/dbus.service\nervice\nce\n
44215809556		read	0	0	52	1024	
44516583364		read	0	8	16	8	
45006987283		read	0	8	16	8	
57855280729		read	0	12	34	1024	dbus-daemon\n
57855282648		read	0	0	34	1024	
57855306183		read	0	105	34	4104	/usr/bin/dbus-daemon
57855325027		read	0	1385	34	4104	Name:	dbus-daemon\nUmask:	0022\nState:	R (running)\nTgid:	714\nNgid:	0\nPid:	714\nPPid:	1\nTracerPid:	0\nUid:	101	101	101	101\nGid:	108	108	108	108\nFDSize:	64\nGroups:	 \nNStgid:	714\nNSpid:	714\nNSpgid:	714\nNSsid:	714\nVmPeak:	    9920 kB\nVmSize:	    9888 kB\nVmLck:	       0 kB\nVmPin:	       0 kB\nVmHWM:	    5344 kB\nVmRSS:	    5344 kB\nRssAnon:	    1084 kB\nRssFile:	    4260 kB\nRssShmem:	       0 kB\nVmData:	    1304 kB\nVmStk:	     132 kB\nVmExe:	     140 kB\nVmLib:	    5536 kB\nVmPTE:	      60 kB\nVmSwap:	       0 kB\nHugetlbPages:	       0 kB\nCoreDumping:	0\nTHP_enabled:	1\nThreads:	1\nSigQ:	0/128166\nSigPnd:	0000000000000000\nShdPnd:	0000000000000000\nSigBlk:	0000000000000000\nSigIgn:	0000000000001000\nSigCgt:	0000000000004001\nCapInh:	0000000000000000\nCapPrm:	0000000020000000\nCapEff:	0000000020000000\nCapBnd:	000001ffffffffff\nCapAmb:	0000000000000000\nNoNewPrivs:	0\nSeccomp:	0\nSeccomp_filters:	0\nSpeculation_Store_Bypass:	vulnerable\nSpeculationIndirectBranch:	always enabled\nCpus_allowed:	ffffff\nCpus_al
57855334059		read	0	11	34	4095	unconfined\n
57855340385		read	0	0	34	1024	
57855345837		read	0	10	34	1024	4294967295
57855346569		read	0	0	34	1024	
57855353765		read	0	30	34	1024	0::/system.slice/dbus.service\n/user@1000.service/init.scope\nce/dbus.service\nervice\nce\n
57855356142		read	0	0	34	1024	
58038065062		read	0	8	52	1024	systemd\n
58038066655		read	0	0	52	1024	
58038084282		read	0	11	52	4104	/sbin/init
58038112809		read	0	10	52	1024	4294967295
58038119401		read	0	10	52	1024	4294967295
58038120398		read	0	0	52	1024	
58038126561		read	0	15	52	1024	0::/init.scope\n
58052213164		read	0	12	52	1024	packagekitd\n
58052261377		read	0	11	52	4095	unconfined\n
58052269632		read	0	0	52	1024	
58052275608		read	0	0	52	1024	
58052282989		read	0	36	52	1024	0::/system.slice/packagekit.service\n1000.service/init.scope\nce/dbus.service\nervice\nce\n
58052284583		read	0	0	52	1024	
58268565537		read	0	8	16	8	
58769563652		read	0	8	16	8	
60257761272		read	0	12	52	1024	dbus-daemon\n
60257763347		read	0	0	52	1024	
60257785434		read	0	106	52	4104	/usr/bin/dbus-daemon
60257804213		read	0	1441	52	4104	Name:	dbus-daemon\nUmask:	0022\nState:	S (sleeping)\nTgid:	943\nNgid:	0\nPid:	943\nPPid:	909\nTracerPid:	0\nUid:	1000	1000	1000	1000\nGid:	1000	1000	1000	1000\nFDSize:	64\nGroups:	24 25 27 29 30 44 46 100 106 111 113 116 1000 \nNStgid:	943\nNSpid:	943\nNSpgid:	943\nNSsid:	943\nVmPeak:	    9252 kB\nVmSize:	    9252 kB\nVmLck:	       0 kB\nVmPin:	       0 kB\nVmHWM:	    4868 kB\nVmRSS:	    4868 kB\nRssAnon:	     600 kB\nRssFile:	    4268 kB\nRssShmem:	       0 kB\nVmData:	     668 kB\nVmStk:	     132 kB\nVmExe:	     140 kB\nVmLib:	    5536 kB\nVmPTE:	      60 kB\nVmSwap:	       0 kB\nHugetlbPages:	       0 kB\nCoreDumping:	0\nTHP_enabled:	1\nThreads:	1\nSigQ:	0/128166\nSigPnd:	0000000000000000\nShdPnd:	0000000000000000\nSigBlk:	0000000000000000\nSigIgn:	0000000000001000\nSigCgt:	0000000000004001\nCapInh:	0000000000000000\nCapPrm:	0000000000000000\nCapEff:	0000000000000000\nCapBnd:	000001ffffffffff\nCapAmb:	0000000000000000\nNoNewPrivs:	0\nSeccomp:	0\nSeccomp_filters:	0\nSpeculation_Store_Bypass:	vulnerable\nSpeculationInd
60257813489		read	0	11	52	4095	unconfined\n
60257820053		read	0	1	52	1024	2{z -V
60257820892		read	0	0	52	1024	
60257826653		read	0	4	52	1024	1000-V
60257827231		read	0	0	52	1024	
60257835817		read	0	76	52	1024	0::/user.slice/user-1000.slice/user@1000.service/session.slice/dbus.service\nervice\nce\n
60257837635		read	0	0	52	1024	
60276588736		read	0	8	53	1024	systemd\n
60276590014		read	0	0	53	1024	
60276604182		read	0	28	53	4104	/lib/systemd/systemd
60276619063		read	0	1435	53	4104	Name:	systemd\nUmask:	0022\nState:	R (running)\nTgid:	909\nNgid:	0\nPid:	909\nPPid:	1\nTracerPid:	0\nUid:	1000	1000	1000	1000\nGid:	1000	1000	1000	1000\nFDSize:	128\nGroups:	24 25 27 29 30 44 46 100 106 111 113 116 1000 \nNStgid:	909\nNSpid:	909\nNSpgid:	909\nNSsid:	909\nVmPeak:	   19520 kB\nVmSize:	   19488 kB\nVmLck:	       0 kB\nVmPin:	       0 kB\nVmHWM:	   11200 kB\nVmRSS:	   11200 kB\nRssAnon:	    2220 kB\nRssFile:	    8980 kB\nRssShmem:	       0 kB\nVmData:	    1504 kB\nVmStk:	     132 kB\nVmExe:	      40 kB\nVmLib:	   10668 kB\nVmPTE:	      76 kB\nVmSwap:	       0 kB\nHugetlbPages:	       0 kB\nCoreDumping:	0\nTHP_enabled:	1\nThreads:	1\nSigQ:	0/128166\nSigPnd:	0000000000000000\nShdPnd:	0000000000000000\nSigBlk:	7fe3c0fe28014a03\nSigIgn:	0000000000001000\nSigCgt:	0000000000000000\nCapInh:	0000000000000000\nCapPrm:	0000000000000000\nCapEff:	0000000000000000\nCapBnd:	000001ffffffffff\nCapAmb:	0000000000000000\nNoNewPrivs:	0\nSeccomp:	0\nSeccomp_filters:	0\nSpeculation_Store_Bypass:	vulnerable\nSpeculationIndirectB
60276626881		read	0	11	53	4095	unconfined\n
60276632376		read	0	1	53	1024	2{z -V
60276632834		read	0	0	53	1024	
60276637673		read	0	4	53	1024	1000-V
60276638183		read	0	0	53	1024	
60276644902		read	0	60	53	1024	0::/user.slice/user-1000.slice/user@1000.service/init.scope\nce/dbus.service\nervice\nce\n
60276646229		read	0	0	53	1024	
60335313871		read	0	55	9	8192	4,629,110726718,-;------------[ cut here ]------------\n
60335388443		read	0	95	9	8192	4,630,110726720,-;WARNING: CPU: 14 PID: 1075 at mm/page_alloc.c:5521 __alloc_pages+0x2a9/0x330\n
60335399385		read	0	879	9	8192	4,631,110726725,-;Modules linked in: snd_seq_dummy snd_hrtimer snd_seq snd_seq_device rfkill intel_rapl_msr intel_rapl_common intel_pmc_core crc32_pclmul ghash_clmulni_intel sha512_ssse3 qrtr sha512_generic snd_intel8x0 sha256_ssse3 sha1_ssse3 snd_ac97_codec ac97_bus snd_pcm snd_timer video aesni_intel snd crypto_simd cryptd evdev pcspkr vboxguest soundcore button rapl wmi ac joydev serio_raw sg msr parport_pc ppdev lp binfmt_misc parport dm_mod configfs loop fuse efi_pstore ip_tables x_tables autofs4 ext4 crc16 mbcache jbd2 crc32c_generic sd_mod t10_pi crc64_rocksoft hid_generic crc64 crc_t10dif usbhid sr_mod crct10dif_generic hid cdrom vmwgfx drm_ttm_helper ahci ata_generic ohci_pci ttm ata_piix libahci drm_kms_helper ohci_hcd ehci_pci crct10dif_pclmul libata crct10dif_common ehci_hcd usbcore psmouse crc32c_intel drm scsi_mod e1000 usb_common i2c_piix4 scsi_common\n
60335525537		read	0	91	9	8192	4,632,110726760,-;CPU: 14 PID: 1075 Comm: apt Tainted: G        W          6.2.0-sclda #1 \n
60335537269		read	0	96	9	8192	4,633,110726762,-;Hardware name: innotek GmbH VirtualBox/VirtualBox, BIOS VirtualBox 12/01/2006\n
60335545946		read	0	54	9	8192	4,634,110726763,-;RIP: 0010:__alloc_pages+0x2a9/0x330\n
60335554173		read	0	218	9	8192	4,635,110726765,-;Code: 00 00 00 48 89 44 24 08 e9 5f fe ff ff 83 fd 0a 0f 86 d3 fd ff ff 80 3d 0e 53 51 01 00 0f 85 5b fe ff ff c6 05 01 53 51 01 01 <0f> 0b e9 4d fe ff ff f7 c2 00 00 08 00 75 55 89 d8 24 7f f7 c2 00\n
60335562781		read	0	62	9	8192	4,636,110726765,-;RSP: 0018:ffffa800c08d7db0 EFLAGS: 00010246\n
60335570358		read	0	84	9	8192	4,637,110726766,-;RAX: 0000000000000000 RBX: 0000000000040cc0 RCX: 0000000000000000\n
60335579536		read	0	84	9	8192	4,638,110726767,-;RDX: 0000000000000000 RSI: 0000000000000000 RDI: 0000000000040cc0\n
60335587723		read	0	84	9	8192	4,639,110726768,-;RBP: 000000000000000e R08: ffffa800c08d7d10 R09: ffff93bb90c6c258\n
60335595890		read	0	84	9	8192	4,640,110726768,-;R10: ffffa800c08d7da0 R11: 0000000000000000 R12: 0000000000000000\n
60335602800		read	0	84	9	8192	4,641,110726769,-;R13: ffffffff8f955c85 R14: 00007f63eea76000 R15: 0000000000000004\n
60335610498		read	0	95	9	8192	4,642,110726770,-;FS:  00007f63f12fc840(0000) GS:ffff93c27fb80000(0000) knlGS:0000000000000000\n
60335619262		read	0	68	9	8192	4,643,110726770,-;CS:  0010 DS: 0000 ES: 0000 CR0: 0000000080050033\n
60335626963		read	0	84	9	8192	4,644,110726771,-;CR2: 00007f63eebff000 CR3: 0000000118f4c000 CR4: 00000000000106e0\n
60335634684		read	0	30	9	8192	4,645,110726772,-;Call Trace:\n
60338197847		read	0	26	9	8192	4,646,110726774,-; <TASK>\n
60338219901		read	0	38	9	8192	4,647,110726776,-; ? __warn+0x7d/0xc0\n
60338228262		read	0	47	9	8192	4,648,110726778,-; ? __alloc_pages+0x2a9/0x330\n
60338236303		read	0	43	9	8192	4,649,110726780,-; ? report_bug+0xe2/0x150\n
60338243446		read	0	42	9	8192	4,650,110726782,-; ? handle_bug+0x41/0x70\n
60338249972		read	0	46	9	8192	4,651,110726783,-; ? exc_invalid_op+0x13/0x60\n
60338259032		read	0	50	9	8192	4,652,110726784,-; ? asm_exc_invalid_op+0x16/0x20\n
60338267580		read	0	48	9	8192	4,653,110726786,-; ? __x64_sys_write+0x55/0x110\n
60338275453		read	0	47	9	8192	4,654,110726788,-; ? __alloc_pages+0x2a9/0x330\n
60338282168		read	0	48	9	8192	4,655,110726790,-; ? __x64_sys_write+0x55/0x110\n
60338288946		read	0	50	9	8192	4,656,110726790,-; __kmalloc_large_node+0x6e/0xe0\n
60338295753		read	0	40	9	8192	4,657,110726792,-; __kmalloc+0xbf/0x150\n
60338305729		read	0	46	9	8192	4,658,110726793,-; __x64_sys_write+0x55/0x110\n
60338312738		read	0	43	9	8192	4,659,110726794,-; do_syscall_64+0x58/0xc0\n
60338320243		read	0	57	9	8192	4,660,110726795,-; ? syscall_exit_to_user_mode+0x27/0x40\n
60338327051		read	0	45	9	8192	4,661,110726796,-; ? do_syscall_64+0x67/0xc0\n
60338333681		read	0	57	9	8192	4,662,110726797,-; ? syscall_exit_to_user_mode+0x27/0x40\n
60338340252		read	0	45	9	8192	4,663,110726798,-; ? do_syscall_64+0x67/0xc0\n
60338346856		read	0	57	9	8192	4,664,110726799,-; ? syscall_exit_to_user_mode+0x27/0x40\n
60338353026		read	0	45	9	8192	4,665,110726800,-; ? do_syscall_64+0x67/0xc0\n
60338359330		read	0	45	9	8192	4,666,110726800,-; ? do_syscall_64+0x67/0xc0\n
60338364770		read	0	45	9	8192	4,667,110726801,-; ? do_syscall_64+0x67/0xc0\n
60338373297		read	0	60	9	8192	4,668,110726802,-; entry_SYSCALL_64_after_hwframe+0x64/0xce\n
60338382150		read	0	43	9	8192	4,669,110726803,-;RIP: 0033:0x7f63f1717240\n
60338390215		read	0	218	9	8192	4,670,110726805,-;Code: 40 00 48 8b 15 c1 9b 0d 00 f7 d8 64 89 02 48 c7 c0 ff ff ff ff eb b7 0f 1f 00 80 3d a1 23 0e 00 00 74 17 b8 01 00 00 00 0f 05 <48> 3d 00 f0 ff ff 77 58 c3 0f 1f 80 00 00 00 00 48 83 ec 28 48 89\n
60338398003		read	0	89	9	8192	4,671,110726805,-;RSP: 002b:00007ffe6fe9d8f8 EFLAGS: 00000202 ORIG_RAX: 0000000000000001\n
60338404854		read	0	84	9	8192	4,672,110726806,-;RAX: ffffffffffffffda RBX: 0000560cda25f840 RCX: 00007f63f1717240\n
60338412974		read	0	84	9	8192	4,673,110726807,-;RDX: 000000000257f956 RSI: 00007f63eea76000 RDI: 0000000000000004\n
60338420312		read	0	84	9	8192	4,674,110726807,-;RBP: 00007ffe6fe9d970 R08: 0000000000000007 R09: 0000560cda1cd930\n
60338426864		read	0	84	9	8192	4,675,110726808,-;R10: c99191e2f7cac121 R11: 0000000000000202 R12: 00007f63eea76000\n
60338434298		read	0	84	9	8192	4,676,110726808,-;R13: 00007f63f12fc760 R14: 000000000257f956 R15: 0000000000000000\n
60338440708		read	0	27	9	8192	4,677,110726809,-; </TASK>\n
60338447926		read	0	55	9	8192	4,678,110726810,-;---[ end trace 0000000000000000 ]---\n
60520276048		read	0	8	16	8	
60695544927		read	0	5	53	1024	sudo\nV
60695546553		read	0	0	53	1024	
60695564236		read	0	16	53	4104	sudo
60695582445		read	0	1367	53	4104	Name:	sudo\nUmask:	0022\nState:	R (running)\nTgid:	989\nNgid:	0\nPid:	989\nPPid:	934\nTracerPid:	0\nUid:	1000	0	0	0\nGid:	0	0	0	0\nFDSize:	256\nGroups:	0 \nNStgid:	989\nNSpid:	989\nNSpgid:	989\nNSsid:	843\nVmPeak:	   26448 kB\nVmSize:	   10064 kB\nVmLck:	       0 kB\nVmPin:	       0 kB\nVmHWM:	   21128 kB\nVmRSS:	    4948 kB\nRssAnon:	     528 kB\nRssFile:	    4420 kB\nRssShmem:	       0 kB\nVmData:	     636 kB\nVmStk:	     132 kB\nVmExe:	     184 kB\nVmLib:	    3804 kB\nVmPTE:	      60 kB\nVmSwap:	       0 kB\nHugetlbPages:	       0 kB\nCoreDumping:	0\nTHP_enabled:	1\nThreads:	1\nSigQ:	0/128166\nSigPnd:	0000000000000000\nShdPnd:	0000000000000000\nSigBlk:	0000000000000000\nSigIgn:	0000000000301000\nSigCgt:	0000000000096a07\nCapInh:	0000000000000000\nCapPrm:	000001ffffffffff\nCapEff:	000001ffffffffff\nCapBnd:	000001ffffffffff\nCapAmb:	0000000000000000\nNoNewPrivs:	0\nSeccomp:	0\nSeccomp_filters:	0\nSpeculation_Store_Bypass:	vulnerable\nSpeculationIndirectBranch:	always enabled\nCpus_allowed:	ffffff\nCpus_allowed_list:	0-23
60695590664		read	0	11	53	4095	unconfined\n
60695596622		read	0	1	53	1024	1{z -V
60695597524		read	0	0	53	1024	
60695602778		read	0	4	53	1024	1000-V
60695603420		read	0	0	53	1024	
60695611091		read	0	47	53	1024	0::/user.slice/user-1000.slice/session-1.scope\ne/init.scope\nce/dbus.service\nervice\nce\n
60695612392		read	0	0	53	1024	
61019009123		read	0	8	16	8	
133754221207		read	0	5	52	1024	sudo\nV
133754222995		read	0	0	52	1024	
133754242048		read	0	29	52	4104	sudo
133754259872		read	0	1371	52	4104	Name:	sudo\nUmask:	0022\nState:	R (running)\nTgid:	1375\nNgid:	0\nPid:	1375\nPPid:	934\nTracerPid:	0\nUid:	1000	0	0	0\nGid:	0	0	0	0\nFDSize:	256\nGroups:	0 \nNStgid:	1375\nNSpid:	1375\nNSpgid:	1375\nNSsid:	843\nVmPeak:	    9960 kB\nVmSize:	    9888 kB\nVmLck:	       0 kB\nVmPin:	       0 kB\nVmHWM:	    4724 kB\nVmRSS:	    4724 kB\nRssAnon:	     444 kB\nRssFile:	    4280 kB\nRssShmem:	       0 kB\nVmData:	     488 kB\nVmStk:	     132 kB\nVmExe:	     184 kB\nVmLib:	    3804 kB\nVmPTE:	      60 kB\nVmSwap:	       0 kB\nHugetlbPages:	       0 kB\nCoreDumping:	0\nTHP_enabled:	1\nThreads:	1\nSigQ:	0/128166\nSigPnd:	0000000000000000\nShdPnd:	0000000000000000\nSigBlk:	0000000000000000\nSigIgn:	0000000000301000\nSigCgt:	0000000000096a07\nCapInh:	0000000000000000\nCapPrm:	000001ffffffffff\nCapEff:	000001ffffffffff\nCapBnd:	000001ffffffffff\nCapAmb:	0000000000000000\nNoNewPrivs:	0\nSeccomp:	0\nSeccomp_filters:	0\nSpeculation_Store_Bypass:	vulnerable\nSpeculationIndirectBranch:	always enabled\nCpus_allowed:	ffffff\nCpus_allowed_list:
133754269098		read	0	11	52	4095	unconfined\n
133754275644		read	0	1	52	1024	1{z -V
133754276177		read	0	0	52	1024	
133754282392		read	0	4	52	1024	1000-V
133754282965		read	0	0	52	1024	
133754290951		read	0	47	52	1024	0::/user.slice/user-1000.slice/session-1.scope\ne/init.scope\nce/dbus.service\nervice\nce\n
133754292280		read	0	0	52	1024	
133754429142		read	0	5	52	1024	sudo\nV
133754430081		read	0	0	52	1024	
133754558059		read	0	29	52	4104	sudo
133754576935		read	0	1371	52	4104	Name:	sudo\nUmask:	0022\nState:	R (running)\nTgid:	1375\nNgid:	0\nPid:	1375\nPPid:	934\nTracerPid:	0\nUid:	1000	0	0	0\nGid:	0	0	0	0\nFDSize:	256\nGroups:	0 \nNStgid:	1375\nNSpid:	1375\nNSpgid:	1375\nNSsid:	843\nVmPeak:	   10064 kB\nVmSize:	   10064 kB\nVmLck:	       0 kB\nVmPin:	       0 kB\nVmHWM:	    4724 kB\nVmRSS:	    4724 kB\nRssAnon:	     444 kB\nRssFile:	    4280 kB\nRssShmem:	       0 kB\nVmData:	     636 kB\nVmStk:	     132 kB\nVmExe:	     184 kB\nVmLib:	    3804 kB\nVmPTE:	      60 kB\nVmSwap:	       0 kB\nHugetlbPages:	       0 kB\nCoreDumping:	0\nTHP_enabled:	1\nThreads:	1\nSigQ:	0/128166\nSigPnd:	0000000000000000\nShdPnd:	0000000000000000\nSigBlk:	fffffffe7ffbfeff\nSigIgn:	0000000000301000\nSigCgt:	0000000000096a07\nCapInh:	0000000000000000\nCapPrm:	000001ffffffffff\nCapEff:	000001ffffffffff\nCapBnd:	000001ffffffffff\nCapAmb:	0000000000000000\nNoNewPrivs:	0\nSeccomp:	0\nSeccomp_filters:	0\nSpeculation_Store_Bypass:	vulnerable\nSpeculationIndirectBranch:	always enabled\nCpus_allowed:	ffffff\nCpus_allowed_list:
133754582744		read	0	11	52	4095	unconfined\n
133754587550		read	0	1	52	1024	1{z -V
133754588024		read	0	0	52	1024	
133754593070		read	0	4	52	1024	1000-V
133754593631		read	0	0	52	1024	
133754598742		read	0	47	52	1024	0::/user.slice/user-1000.slice/session-1.scope\ne/init.scope\nce/dbus.service\nervice\nce\n
133754600094		read	0	0	52	1024	
134297098053		read	0	8	16	8	
148043717630		read	0	5	52	1024	sudo\nV
148043719354		read	0	0	52	1024	
148043737455		read	0	25	52	4104	sudo
148043755389		read	0	1371	52	4104	Name:	sudo\nUmask:	0022\nState:	R (running)\nTgid:	1380\nNgid:	0\nPid:	1380\nPPid:	934\nTracerPid:	0\nUid:	1000	0	0	0\nGid:	0	0	0	0\nFDSize:	256\nGroups:	0 \nNStgid:	1380\nNSpid:	1380\nNSpgid:	1380\nNSsid:	843\nVmPeak:	   10064 kB\nVmSize:	   10064 kB\nVmLck:	       0 kB\nVmPin:	       0 kB\nVmHWM:	    4632 kB\nVmRSS:	    4632 kB\nRssAnon:	     444 kB\nRssFile:	    4188 kB\nRssShmem:	       0 kB\nVmData:	     636 kB\nVmStk:	     132 kB\nVmExe:	     184 kB\nVmLib:	    3804 kB\nVmPTE:	      64 kB\nVmSwap:	       0 kB\nHugetlbPages:	       0 kB\nCoreDumping:	0\nTHP_enabled:	1\nThreads:	1\nSigQ:	0/128166\nSigPnd:	0000000000000000\nShdPnd:	0000000000000000\nSigBlk:	0000000000000000\nSigIgn:	0000000000301000\nSigCgt:	0000000000096a07\nCapInh:	0000000000000000\nCapPrm:	000001ffffffffff\nCapEff:	000001ffffffffff\nCapBnd:	000001ffffffffff\nCapAmb:	0000000000000000\nNoNewPrivs:	0\nSeccomp:	0\nSeccomp_filters:	0\nSpeculation_Store_Bypass:	vulnerable\nSpeculationIndirectBranch:	always enabled\nCpus_allowed:	ffffff\nCpus_allowed_list:
148043764256		read	0	11	52	4095	unconfined\n
148043770895		read	0	1	52	1024	1{z -V
148043771715		read	0	0	52	1024	
148043778656		read	0	4	52	1024	1000-V
148043779301		read	0	0	52	1024	
148043787601		read	0	47	52	1024	0::/user.slice/user-1000.slice/session-1.scope\ne/init.scope\nce/dbus.service\nervice\nce\n
148043789322		read	0	0	52	1024	
148043885009		read	0	5	52	1024	sudo\nV
148043885945		read	0	0	52	1024	
148047123632		read	0	25	52	4104	sudo
148047151106		read	0	1372	52	4104	Name:	sudo\nUmask:	0022\nState:	S (sleeping)\nTgid:	1380\nNgid:	0\nPid:	1380\nPPid:	934\nTracerPid:	0\nUid:	1000	0	0	0\nGid:	0	0	0	0\nFDSize:	256\nGroups:	0 \nNStgid:	1380\nNSpid:	1380\nNSpgid:	1380\nNSsid:	843\nVmPeak:	   10064 kB\nVmSize:	   10064 kB\nVmLck:	       0 kB\nVmPin:	       0 kB\nVmHWM:	    4632 kB\nVmRSS:	    4632 kB\nRssAnon:	     444 kB\nRssFile:	    4188 kB\nRssShmem:	       0 kB\nVmData:	     636 kB\nVmStk:	     132 kB\nVmExe:	     184 kB\nVmLib:	    3804 kB\nVmPTE:	      64 kB\nVmSwap:	       0 kB\nHugetlbPages:	       0 kB\nCoreDumping:	0\nTHP_enabled:	1\nThreads:	1\nSigQ:	0/128166\nSigPnd:	0000000000000000\nShdPnd:	0000000000000000\nSigBlk:	0000000000000000\nSigIgn:	0000000000301000\nSigCgt:	0000000008096a07\nCapInh:	0000000000000000\nCapPrm:	000001ffffffffff\nCapEff:	000001ffffffffff\nCapBnd:	000001ffffffffff\nCapAmb:	0000000000000000\nNoNewPrivs:	0\nSeccomp:	0\nSeccomp_filters:	0\nSpeculation_Store_Bypass:	vulnerable\nSpeculationIndirectBranch:	always enabled\nCpus_allowed:	ffffff\nCpus_allowed_list
148047157923		read	0	11	52	4095	unconfined\n
148047164804		read	0	1	52	1024	1{z -V
148047165527		read	0	0	52	1024	
148047170560		read	0	4	52	1024	1000-V
148047171086		read	0	0	52	1024	
148047177591		read	0	47	52	1024	0::/user.slice/user-1000.slice/session-1.scope\ne/init.scope\nce/dbus.service\nervice\nce\n
148047179407		read	0	0	52	1024	
148491951780		read	0	8	16	8	
194564945337		read	0	127	9	8192	4,679,243990091,-;general protection fault, probably for non-canonical address 0x7de2f9a56f9f8928: 0000 [#1] PREEMPT SMP NOPTI\n
194565036164		read	0	101	9	8192	4,680,243990110,-;CPU: 19 PID: 3204 Comm: sclda_sendall Tainted: G        W          6.2.0-sclda #1 \n
194565059093		read	0	59	9	8192	4,682,243990124,-;RIP: 0010:__sclda_send_split+0x1c2/0x270\n
194565068124		read	0	218	9	8192	4,683,243990132,-;Code: 00 00 48 8b 70 08 49 39 d1 4d 89 cf 4c 0f 47 fa 4c 01 f6 44 89 f9 41 83 ff 08 0f 82 28 ff ff ff 44 89 f8 41 8d 4f ff 48 89 ef <48> 8b 54 06 f8 c1 e9 03 48 89 54 05 f8 f3 48 a5 e9 26 ff ff ff 48\n
194565075741		read	0	62	9	8192	4,684,243990394,-;RSP: 0018:ffffa800c6847e28 EFLAGS: 00010202\n
194565084695		read	0	84	9	8192	4,685,243990522,-;RAX: 0000000000000009 RBX: 0000000000000000 RCX: 0000000000000008\n
194565096787		read	0	84	9	8192	4,686,243990671,-;RDX: 00000000000003e8 RSI: 7de2f9a56f9f8927 RDI: ffff93bbae9f5c00\n
194565114820		read	0	84	9	8192	4,688,243990930,-;R10: 0000000000000013 R11: 0000000000000001 R12: ffff93bb84386680\n
194565124628		read	0	84	9	8192	4,689,243991058,-;R13: ffff93bbae9f5400 R14: 0000000000000000 R15: 0000000000000009\n
194565133051		read	0	95	9	8192	4,690,243991185,-;FS:  0000000000000000(0000) GS:ffff93c27fcc0000(0000) knlGS:0000000000000000\n
194565140860		read	0	68	9	8192	4,691,243991312,-;CS:  0010 DS: 0000 ES: 0000 CR0: 0000000080050033\n
194565159688		read	0	30	9	8192	4,693,243991584,-;Call Trace:\n
194565175305		read	0	47	9	8192	4,695,243991834,-; ? __die_body.cold+0x1a/0x1f\n
194565183918		read	0	40	9	8192	4,696,243991959,-; ? die_addr+0x38/0x60\n
194565196518		read	0	56	9	8192	4,697,243992082,-; ? exc_general_protection+0x221/0x4a0\n
194565205715		read	0	58	9	8192	4,698,243992206,-; ? asm_exc_general_protection+0x22/0x30\n
194565213518		read	0	52	9	8192	4,699,243992330,-; ? __sclda_send_split+0x1c2/0x270\n
194565220999		read	0	51	9	8192	4,700,243992452,-; ? __sclda_send_split+0x77/0x270\n
194565237257		read	0	52	9	8192	4,702,243992706,-; ? __sclda_send_split+0x270/0x270\n
194565244897		read	0	38	9	8192	4,703,243992835,-; kthread+0xd7/0x100\n
194565271066		read	0	27	9	8192	4,706,243993191,-; </TASK>\n
194588798257		read	0	55	9	8192	4,708,244001272,-;---[ end trace 0000000000000000 ]---\n
194588829483		read	0	59	9	8192	4,709,244001369,-;RIP: 0010:__sclda_send_split+0x1c2/0x270\n
194588838288		read	0	218	9	8192	4,710,244001458,-;Code: 00 00 48 8b 70 08 49 39 d1 4d 89 cf 4c 0f 47 fa 4c 01 f6 44 89 f9 41 83 ff 08 0f 82 28 ff ff ff 44 89 f8 41 8d 4f ff 48 89 ef <48> 8b 54 06 f8 c1 e9 03 48 89 54 05 f8 f3 48 a5 e9 26 ff ff ff 48\n
194588848431		read	0	62	9	8192	4,711,244001716,-;RSP: 0018:ffffa800c6847e28 EFLAGS: 00010202\n
194588856331		read	0	84	9	8192	4,712,244001801,-;RAX: 0000000000000009 RBX: 0000000000000000 RCX: 0000000000000008\n
194588863952		read	0	84	9	8192	4,713,244001888,-;RDX: 00000000000003e8 RSI: 7de2f9a56f9f8927 RDI: ffff93bbae9f5c00\n
194588871498		read	0	84	9	8192	4,714,244001975,-;RBP: ffff93bbae9f5c00 R08: ffffa800c6847db0 R09: 0000000000000009\n
194588879217		read	0	84	9	8192	4,715,244002062,-;R10: 0000000000000013 R11: 0000000000000001 R12: ffff93bb84386680\n
194588886903		read	0	84	9	8192	4,716,244005475,-;R13: ffff93bbae9f5400 R14: 0000000000000000 R15: 0000000000000009\n
194588894118		read	0	95	9	8192	4,717,244005573,-;FS:  0000000000000000(0000) GS:ffff93c27fcc0000(0000) knlGS:0000000000000000\n
194588902040		read	0	68	9	8192	4,718,244005662,-;CS:  0010 DS: 0000 ES: 0000 CR0: 0000000080050033\n